เลขรหัสดีโอไอ,ชื่อเรื่อง,ชื่อนักวิจัย,ชื่อนักวิจัยร่วม,หน่วยงาน,ปีที่เผยแพร่,อ้างอิง URL,คำอธิบาย,คำสำคัญ,เอกสารแนบ
10.14456/phdssj.2021.9,ความสัมพันธ์ระหว่างความรู้ความเข้าใจกับความสัมพันธ์ทางสังคมที่มีต่อเด็กที่มีความต้องการพิเศษเรียนร่วม ในโรงเรียนสาธิตมหาวิทยาลัยรามคำแหง,ณัฐพงษ์ ฉ่ำศิริ;พัชนี ประสิทธิธัญกิจ,,,2564,(DOI) http://doi.nrct.go.th/ListDoi/listDetail?Resolve_DOI=10.14456/phdssj.2021.9,บทความวิจัยนี้มีวัตถุประสงค์เพื่อศึกษาและเปรียบเทียบความรู้ความเข้าใจและความสัมพันธ์ทางสังคมที่มีต่อเด็กที่มีความต้องการพิเศษเรียนร่วมในโรงเรียนสาธิตมหาวิทยาลัยรามคำแหง และเพื่อศึกษาความสัมพันธ์ระหว่างความรู้ความเข้าใจกับความสัมพันธ์ทางสังคมที่มีต่อเด็กที่มีความต้องการพิเศษเรียนร่วมในโรงเรียนสาธิตมหาวิทยาลัยรามคำแหง ตัวอย่างที่ใช้ในการวิจัย ได้แก่ นักเรียนระดับชั้นมัธยมศึกษาตอนต้น ในโรงเรียนสาธิตมหาวิทยาลัยรามคำแหง เครื่องมือที่ใช้ในการวิจัยเป็นแบบสอบถามเกี่ยวกับความรู้ ความเข้าใจและแบบสอบถามเกี่ยวกับความสัมพันธ์ทางสังคมที่มีต่อเด็กที่มีความต้องการพิเศษเรียนร่วมในโรงเรียนสาธิตมหาวิทยาลัยรามคำแหง การวิเคราะห์ข้อมูล เพื่อหาค่าร้อยละ ค่าเฉลี่ย ส่วนเบี่ยงเบนมาตรฐาน ทดสอบค่าสถิติ t-test วิเคราะห์ความแปรปรวนทางเดียว (One-way ANOVA) และหาค่าความสัมพันธ์ของเพียร์สัน (Pearson's Product Moment Correlation) ผลการวิจัย พบว่า (1) นักเรียนระดับชั้นมัธยมศึกษาตอนต้น ในโรงเรียนสาธิตมหาวิทยาลัยรามคำแหง มีความรู้ความเข้าใจ ภาพรวมอยู่ในระดับดี (2) นักเรียนระดับชั้นมัธยมศึกษาตอนต้น โรงเรียนสาธิตมหาวิทยาลัยรามคำแหง มีความสัมพันธ์ทางสังคมต่อเด็กที่มีความต้องการพิเศษเรียนร่วมภาพรวมอยู่ในระดับปานกลาง (3) นักเรียนที่มีเพศต่างกัน มีความรู้ความเข้าใจและความสัมพันธ์ทางสังคม ต่อเด็กที่มีความต้องการพิเศษเรียนร่วม ในโรงเรียนสาธิตมหาวิทยาลัยรามคำแหง แตกต่างกัน อย่างมีนัยสำคัญทางสถิติที่ระดับ 0.05 (4) นักเรียนที่มีระดับชั้นที่กำลังศึกษาต่างกัน มีความรู้ความเข้าใจและความสัมพันธ์ทางสังคมต่อเด็กที่มีความต้องการพิเศษเรียนร่วม ในโรงเรียนสาธิตมหาวิทยาลัยรามคำแหง แตกต่างกันอย่างไม่มีนัยสำคัญทางสถิติที่ระดับ 0.05 และ (5) ความรู้ความเข้าใจมีความสัมพันธ์ทางบวกกับความสัมพันธ์ทางสังคมต่อเด็กที่มีความต้องการพิเศษเรียนร่วมในโรงเรียนสาธิตมหาวิทยาลัยรามคำแหง อย่างมีนัยสำคัญทางสถิติที่ระดับ 0.05,"ความสัมพันธ์ทางสังคม, เด็กที่มีความต้องการพิเศษ, โรงเรียนสาธิตมหาวิทยาลัยรามคำแหง, Social  Interactions, Special  Needs, The  Demonstration  School  of  Ramkhamhaeng University",มี
10.14457/TU.the.2019.1448,"A Markovian approach for optimizing A (T, S) inventory system under stochastic discrete demand and lead time with lost sales",Nguyen Trong Tri Duc,"Jirachai Buddhakulsomsiri,  Advisor",,2562,(DOI) http://doi.nrct.go.th/ListDoi/listDetail?Resolve_DOI=10.14457/TU.the.2019.1448,"This study focuses on a stochastic inventory control problem of the order-up-to-level periodic review system. The inventory status is tracked every regularly fixed period and replaces an order to raise the inventory level up to a predefined point. Unsatisfied customers’ demand is considered as totally lost. Warehouse’s capacity is also taken into account, while excessive units are stored in a rented warehouse. The replenishment lead time is considered as discrete and stochastic. To study this stochastic inventory problem, where demand is modeled using an empirical distribution, a Markovian approach is proposed to handle uncertainties. By using this Markov Chain, accurate approximations of system measures of performance, i.e., the expected inventory on-hand, expected shortage, and expected over-storage amounts can be obtained. The optimal solution for the Markov model is obtained by using a customized Golden Section Search procedure. The algorithm is applied to a real capsule-type medicine item to determine the optimal review period and target level. Then, the effectiveness of the Markov approach is demonstrated through the comparison between our proposed model and the simulation. As a result, the Markov model can describe the behavior of the order-up-to-level periodic review system.","Inventory control, Periodic review, Empirical demand, Stochastic lead time, Lost sales, Over-storage, Markov chain, Golden section search",มี
10.14456/rcmrj.2021.7,กลยุทธ์การพัฒนาคุณภาพการศึกษาโรงเรียนขนาดเล็ก สำนักงานเขตพื้นที่การศึกษาในกลุ่มจังหวัดภาคเหนือตอนบน 1,สุทิน แก้วพนา,สมเกตุ  อุทธโยธา; สมาน ฟูแสง; สำเนา  หมื่นแจ่ม,,2564,(DOI) http://doi.nrct.go.th/ListDoi/listDetail?Resolve_DOI=10.14456/rcmrj.2021.7,การวิจัยครั้งนี้มีวัตถุประสงค์เพื่อ สร้างกลยุทธ์การพัฒนาคุณภาพการศึกษาโรงเรียนขนาดเล็ก สำนักงานเขตพื้นที่การศึกษาในกลุ่มจังหวัดภาคเหนือตอนบน 1 กลุ่มเป้าหมาย ได้แก่ คณะกรรมการศึกษาธิการจังหวัด ศึกษาธิการจังหวัด ผู้อำนวยการสำนักงานเขตพื้นที่การศึกษา ผู้บริหารโรงเรียน ครู และคณะกรรมการสถานศึกษาโรงเรียนขนาดเล็ก สังกัดสำนักงานเขตพื้นที่การศึกษาในกลุ่มจังหวัดภาคเหนือตอนบน 1 รวม จำนวน 12 คน ใช้วิธีการเลือกกลุ่มตัวอย่างแบบเจาะจง (Purposive sampling) เครื่องมือที่ใช้ในการวิจัย ได้แก่ แบบวิเคราะห์เอกสาร แบบบันทึกการสังเกต แบบบันทึกการประชุมเชิงปฏิบัติการ แบบประเมินกลยุทธ์ การวิเคราะห์ข้อมูล จากการวิเคราะห์เอกสาร (Document analysis) โดยการวิเคราะห์เนื้อหาและสร้างข้อสรุป (Content analysis) และการวิเคราะห์ปัจจัยสภาพแวดล้อม (Swot analysis) ใช้เทคนิค Tows matrix  ผลการวิจัยพบว่า กลยุทธ์การพัฒนาคุณภาพการศึกษาโรงเรียนขนาดเล็กสำนักงานเขตพื้นที่การศึกษาในกลุ่มจังหวัดภาคเหนือตอนบน 1 ประกอบด้วย 7 กลยุทธ์ ได้แก่  กลยุทธ์ที่ 1  พัฒนาหลักสูตรให้มีความหลากหลายตอบสนองต่อความต้องการของผู้เรียนและสอดคล้องกับบริบทของท้องถิ่น  กลยุทธ์ที่ 2  สร้างโอกาส ความเสมอภาคและลดความเหลื่อมล้ำทางการศึกษา กลยุทธ์ที่ 3  ส่งเสริมการมีส่วนร่วมในการจัดการศึกษาและการจัดการศึกษาเชิงพื้นที่ กลยุทธ์ที่ 4  ส่งเสริมการนำสื่อนวัตกรรมเทคโนโลยีสารสนเทศมาใช้ในการจัดการศึกษา กลยุทธ์ที่  5  เสริมสร้างและพัฒนาให้ผู้เรียนมีคุณภาพ สมรรถนะสำคัญ และทักษะที่จำเป็นในศตวรรษที่ 21          กลยุทธ์ที่ 6  การเพิ่มประสิทธิภาพการบริหารจัดการโรงเรียนขนาดเล็ก  และกลยุทธ์ที่ 7  เสริมสร้างภาวะผู้นำแก่ผู้บริหารสถานศึกษาและพัฒนาครูและบุคลากรทางการศึกษา,"โรงเรียนขนาดเล็ก, กลยุทธ์, คุณภาพการศึกษา, Small school, Strategy, Quality of education",มี
10.14456/rcmrj.2021.5,การพัฒนากิจกรรมการเรียนรู้ชุมชนเพื่อการสร้างเสริมความรู้ในการดูแลผู้สูงอายุโดยใช้ภูมิปัญญาrพื้นบ้านล้านนาเป็นฐาน: กรณีศึกษาเทศบาลตำบลสุเทพ  อำเภอเมือง จังหวัดเชียงใหม่,สามารถ  ใจเตี้ย,,,2564,(DOI) http://doi.nrct.go.th/ListDoi/listDetail?Resolve_DOI=10.14456/rcmrj.2021.5,การศึกษาครั้งนี้มีวัตถุประสงค์เพื่อพัฒนาและทดสอบประสิทธิภาพและผลสัมฤทธิ์ของกิจกรรมการเรียนรู้ชุมชนเพื่อการสร้างเสริมความรู้ในการดูแลผู้สูงอายุโดยใช้ภูมิปัญญาพื้นบ้านล้านนาเป็นฐาน กลุ่มตัวอย่างที่ใช้ในการศึกษาครั้งนี้เป็นผู้สูงอายุในเขตเทศบาลตำบลสุเทพ อำเภอเมือง จังหวัดเชียงใหม่จำนวน 265 คนและผู้มีส่วนได้เสีย จำนวน 16 คน  เก็บข้อมูลโดยกิจกรรมการเรียนรู้ชุมชน  แบบทดสอบ และการสัมมนาเชิงปฏิบัติการของผู้มีส่วนได้เสีย วิเคราะห์ข้อมูลโดยใช้สถิติเชิงพรรณนา การวิเคราะห์ประสิทธิภาพของกิจกรรมการเรียนรู้ตามเกณฑ์ร้อยละ 80 / 80 (E1 / E2)  และสถิติทดสอบ Paired  t  test  ผลการศึกษา พบว่า กิจกรรมการเรียนรู้ชุมชน ประกอบด้วย ความรู้  สารสำคัญ การใช้ประโยชน์สมุนไพรพื้นบ้าน และปัจจัยการดำรงอยู่ของสมุนไพรพื้นบ้าน  มีประสิทธิภาพตามเกณฑ์ร้อยละ 80 / 80 (82.66 / 88.24) ส่วนผลสัมฤทธิ์กิจกรรมการเรียนรู้ชุมชนมีค่าคะแนนทดสอบความรู้เฉลี่ยหลังทดลองใช้สูงกว่าก่อนทดลองใช้กิจกรรมการเรียนรู้อย่างมีนัยสำคัญทางสถิติที่ระดับ ? 0.05   (p  value = 0.006)  ทั้งนี้ผู้สูงอายุได้เสนอแนะการดำเนินกิจกรรมการเรียนรู้โดยควรเพิ่มเนื้อหา เวลาการดำเนินและกิจกรรมในแต่ละช่วงให้มากขึ้น,"กิจกรรมการเรียนรู้ชุมชน, การสร้างเสริมสุขภาพผู้สูงอายุ, ภูมิปัญญาพื้นบ้านล้านนา, Community learning  activity, Elderly health  promotion, Lana local wisdom",มี
10.14456/augsbejr.2021.4,"Leveraging Leadership, Collaboration, and Decision-Making to Improve Team Effectiveness: A Case of Education Gathering Group (EGG) Alumni Network in Kayin State, Myanmar",Saw Kyaw Khaung Khalein;Sirichai Preudhikulpradab,,,2564,(DOI) http://doi.nrct.go.th/ListDoi/listDetail?Resolve_DOI=10.14456/augsbejr.2021.4,"This article is survey-based research, comprising of two objectives, 1). to examine the current situations of leadership, collaboration, and decision making to improve team effectiveness of the Education Gathering Group (EGG) Alumni Network in Kayin State, Myanmar, and 2). to propose key developmental opportunities to improve team effectiveness. Research design, data, and methodology: The research site is Kayin State, Myanmar, with a total actual sample of 124 respondents who completed the survey. The instrument employed is a structured questionnaire, which is IOC validated and Cronbach Alpha Co-Efficient tested. The sampling technique is purposive sampling. Data is quantitative and treatments, comprise descriptive statistics, inferential statistics, and Pearson correlation. Key findings indicated that leadership (p=0.00, r=0.479) and decision-making (p=0.00, r=0.408), which indicated a significant correlation with team effectiveness, and collaboration (p=0.054, r=0.173), which indicated insignificant correlation. Five sets of recommendations are proposed, including strengthening the collaboration and upgrading network's activities, increasing communication to minimize misunderstanding among members, managing the perception by activating a sense of ownership, co-creating the alumni network by embracing the entrepreneurial of the voluntary network, and investing in a full-time post who orchestrates on-going activities of the EGG alumni network","Team Effectiveness,  Leadership,  Collaboration,  Decision Making,  Organization Development.",มี
10.14456/pmbcrb.2021.5,"Anadara subrubra (Dunker, 1866) (Bivalvia: Arcidae) in South-east Asia, re-description and taxonomic comments",Konstantin A. Lutaenko,Konstantin A. Lutaenko,,2564,(DOI) http://doi.nrct.go.th/ListDoi/listDetail?Resolve_DOI=10.14456/pmbcrb.2021.5,"Anadara (Anadara) subrubra (Dunker, 1866), a little-known anadarine species, has been recently reinstated as a valid species distributed in the Philippines, South China Sea to southern Japan. Its re-description, illustrations of type material, synonymy and comparison with allied species are presented. A. subrubra was often misidentified as Anadara antiquata (Linnaeus, 1758); a synonym of the former species is Anadara dekkeri Thach, 2015 described from Vietnam. Comments on taxonomy and identities of taxa included into the A. antiquata species complex are given.","Arcidae,  Anadarinae,  Anadara antiquata (Linnaeus,  1758) complex,  Anadara subrubra (Dunker,  1866) identity,  taxonomy,  type material,  re-description",มี
10.14456/pmbcrb.2021.14,"Two new records of bentho-neritic octopods (Cephalopoda, Octopodidae) from Thai waters",Surangkana Tuanapaya,"Surangkana Tuanapaya,  Jaruwat Nabhitabhata,  Kittichai Tongtherm and Charatsee Aungtonya",,2564,(DOI) http://doi.nrct.go.th/ListDoi/listDetail?Resolve_DOI=10.14456/pmbcrb.2021.14,"Two incirrate octopods, Abdopus aculeatus (d'Orbigny, 1834) and Callisoctopus nocturnus (Norman & Sweeney, 1997) are first recorded from Thai waters. Occurrence of the former species in the Indian Ocean, the Andaman Sea, was confirmed. The western distribution range in the South China Sea of the latter species extended into the Gulf of Thailand. The new records bring the number of bentho-neritic octopod taxa in Thai waters to twenty-five.","new record,  bentho-neritic octopods,  Thai waters",มี
10.14456/rcmrj.2021.2,ความสามารถในการแข่งขันของการส่งออกทุเรียนไทยไปยังสาธารณรัฐประชาชนจีน กรณีศึกษาความร่วมมือกับกลุ่มอาลีบาบาโดยใช้การจัดการเรียนรู้แบบโมไบล์  เลิร์นนิง,สุดารัตน์ สุขเลิศ,,,2564,(DOI) http://doi.nrct.go.th/ListDoi/listDetail?Resolve_DOI=10.14456/rcmrj.2021.2,การวิจัยครั้งนี้มีวัตถุประสงค์เพื่อ 1) วัดความสามารถในการแข่งขันของการส่งออกทุเรียนไทย  2) ศึกษาผลที่เกิดขึ้นหลังจากที่กระทรวงพาณิชย์ก่อตั้ง Thai Rice Flagship Store ร่วมกับอาลีบาบา และ 3) หาแนวทางการแข่งขันกับคู่แข่งรายอื่นในตลาดจีน โดยมีการคำนวณและวิเคราะห์ข้อมูลการส่งออกทุเรียนของประเทศไทยตั้งแต่ปี พ.ศ. 2551  2561 เพื่อนำมาวัดความสามารถในการแข่งขันด้วยดัชนีความได้เปรียบโดยเปรียบเทียบที่ปรากฏและส่วนแบ่งทางการตลาด จากการวิจัยพบว่า 1) ทุเรียนไทยมีความได้เปรียบโดยเปรียบเทียบที่ปรากฏในตลาดจีนในปี พ.ศ. 2561 มีค่า 26.92 ซึ่งเพิ่มขึ้นจากปี พ.ศ. 2560 ร้อยละ 9.37               2) การก่อตั้ง Thai Rice Flagship Store ทุเรียนไทยมีอัตราการเจริญเติบโตของดัชนีความได้เปรียบโดยเปรียบเทียบสูงกว่าก่อนความร่วมมือ นอกจากนี้ยังมีปัจจัยสนับสนุนอื่น ได้แก่ การสนับสนุนของรัฐบาลภายใต้นโยบาย Thailand 4.0 การเจริญเติบโตของกลุ่มชนชั้นกลาง การขยายตัวของพาณิชย์อิเล็กทรอนิกส์            (E-commerce) และรสนิยมในการรับประทานผลไม้ไทยของชาวจีน 3) แต่เนื่องจากในปี 2562 จีนอนุญาตให้มาเลเซียสามารถนำเข้าทุเรียนสดแช่แข็งได้ ซึ่งมีนัยสำคัญว่าทุเรียนสดทั้งลูกของมาเลเซียที่แช่แข็งด้วยกรรมวิธีพิเศษสามารถส่งออกไปยังจีนได้อย่างเป็นทางการแล้ว จึงส่งผลให้ส่วนแบ่งการตลาดของทุเรียนไทยในจีนมีการเจริญเติบโตในอัตราที่ถดถอย โดยในปี พ.ศ. 2561 ส่วนแบ่งการตลาดของทุเรียนไทยมีร้อยละ 38.20 ซึ่งมีอัตราการเปลี่ยนแปลงจากปี พ.ศ. 2560 ร้อยละ -2.96 เนื่องด้วยสภาวะแวดล้อมทางการแข่งขันที่เปลี่ยนแปลงไป ฉะนั้น ไทยจำเป็นต้องพัฒนาศักยภาพในการผลิตและส่งออกทุเรียน โดยอาศัยความร่วมมือทั้งจากภาครัฐและเอกชนเพื่อคงไว้ซึ่งความสามารถในการแข่งขันกับคู่แข่งรายใหม่ในตลาดจีน,"ทุเรียน, ส่งออก, ความร่วมมือเชิงกลยุทธ์, ความได้เปรียบโดยเปรียบเทียบที่ปรากฏ, ส่วนแบ่งการตลาด, Durian, Export, Strategic partnership, RCA, Market share",มี
10.14456/jsct.2018.33,ธรรมาภิบาลแนวพุทธ: กรณีศึกษาองค์กรปกครองส่วนท้องถิ่นในประเทศไทย,วนิดา ชุมนุม,,,2561,(DOI) http://doi.nrct.go.th/ListDoi/listDetail?Resolve_DOI=10.14456/jsct.2018.33,งานวิจัยนี้มีวัตถุประสงค์เพื่อ (1) ศึกษาลักษณะสำคัญขององค์กรธรรมาภิบาลแนวพุทธในองค์กรปกครองส่วนท้องถิ่นไทย (2) ศึกษารูปแบบและการบริหารจัดการธรรมาภิบาลในองค์กรปกครองส่วนท้องถิ่นแนวพุทธมาปฏิบัติ และ (3) ศึกษาการบูรณาการตัวแบบการบริหารจัดการในกรอบธรรมาภิบาลแนวพุทธในองค์กรปกครองส่วนท้องถิ่น ใช้วิธีการวิจัยเชิงคุณภาพ โดยศึกษาปรากฏการณ์จากสภาพแวดล้อมตามความเป็นจริงในทุกมิติ เพื่อให้เกิดความรู้ ความเข้าใจปรากฏการณ์นั้น ประชากรที่ใช้ ได้แก่ ชุมชนต้นแบบ 4 องค์กร โดยเลือกผู้นำองค์กร และคณะกรรมการบริหารจัดการองค์กรนั้น ๆ จำนวน 4 องค์กร ดังนี้ ชุมชนไม้เรียง ตำบลไม้เรียง อำเภอฉวาง จังหวัดนครศรีธรรมราช ชุมชนสันติอโศก เขตบางกะปิ กรุงเทพมหานคร  ชุมชนบ้านคลองเปียะ อำเภอจะนะ จังหวัดสงขลา และ เทศบาลตำบลปริก อำเภอสะเดา จังหวัดสงขลา เครื่องมือที่ใช้ คือ 1) แบบสัมภาษณ์แบบมีโครงสร้างที่สามารถยืดหยุ่นได้ 2) แบบสังเกตการณ์การทำงานการวิเคราะห์ข้อมูลโดยใช้คำพูดที่ได้จากการสัมภาษณ์ และการสังเกตการณ์ โดยให้ความสำคัญทั้งความหมายในทางภาษาและมีการตีความจากสิ่งที่ซึ่งซ่อนอยู่ในขณะนั้น             ผลการศึกษาพบว่า ลักษณะสำคัญขององค์กรธรรมาภิบาลแนวพุทธประกอบด้วย 6 องค์ประกอบ คือ (1) ใช้หลัก ทศพิธราชธรรม สังคหวัตถุ 4 พรหมวิหาร 4 และ อิทธิบาท 4 ในการบริหารองค์กร  (2) ผู้บริหารมีธรรม (3) องค์กรเน้นความพอเพียงและพึงพอใจ (4) มีวัฒนธรรมที่เหมาะสมกับภูมิปัญญาชาวบ้าน (5) น้อมนำหลักเศรษฐกิจพอเพียงมาประยุกต์ใช้ และ (6) ส่งเสริมการมีส่วนร่วมของประชาชนในท้องถิ่นสำหรับรูปแบบและการบริหารจัดการธรรมาภิบาล พบว่า เกี่ยวข้องกับ 1) ภาวะผู้นำของผู้บริหารใช้หลักการบริหารแบบมีส่วนร่วมเน้นองค์กรแห่งการเรียนรู้ 2) วิถีชีวิต ค่านิยม ความเชื่อภายในองค์กรยึดหลักความเคร่งครัด มีระเบียบวินัยส่วนบุคคล 3) ส่งเสริมความเป็นปึกแผ่นภายในองค์กร และ 4) มีการประยุกต์ใช้หลักเศรษฐกิจพอเพียงในการดำรงชีวิตโดยสร้างรายได้ ลดรายจ่ายในครัวเรือนและชุมชน ในด้านการบูรณาการตัวแบบการบริหารจัดการในกรอบธรรมาภิบาลแนวพุทธ มีลำดับขั้นตอน ดังนี้ (1) การกำหนดยุทธศาสตร์การบริหารองค์กรด้วยการปลูกฝังค่านิยมที่พึงประสงค์ (2) มีการบูรณาการนำหลักธรรมกับหลักธรรมาภิบาลมาประยุกต์ใช้ในการทำงาน (3) มีการพัฒนาองค์กรโดยใช้หลักการฝึกอบรมอย่างต่อเนื่อง และ (4) มีหลักการบริหารเพื่อประโยชน์สุขต่อประชาชนโดยรวม ส่งเสริมการมีส่วนร่วม คุ้มค่า โปร่งใส สามารถตรวจสอบได้,"ธรรมาภิบาลแนวพุทธ, องค์กรปกครองส่วนท้องถิ่น",มี
10.14456/jsct.2020.11,การมุ่งเน้นความเป็นผู้ประกอบการและความได้เปรียบทางการแข่งขันอย่างยั่งยืน งานวิจัยเชิงประจักษ์ของธุรกิจส่งออกเฟอร์นิเจอร์ในประเทศไทย,ภัทริกา ชิณช่าง,,,2563,(DOI) http://doi.nrct.go.th/ListDoi/listDetail?Resolve_DOI=10.14456/jsct.2020.11,การวิจัยครั้งนี้มีวัตถุประสงค์เพื่อศึกษา 1) การมุ่งเน้นความเป็นผู้ประกอบการที่มีต่อความได้เปรียบทางการแข่งขันอย่างยั่งยืน และ 2) วิสัยทัศน์ระยะยาว การเปลี่ยนแปลงทางเทคโนโลยี และวัฒนธรรมการเรียนรู้ขององค์การที่มีต่อการมุ่งเน้นความเป็นผู้ประกอบการของธุรกิจส่งออกเฟอร์นิเจอร์ในประเทศไทย กลุ่มตัวอย่างที่ใช้ คือ ผู้บริหารของธุรกิจส่งออกเฟอร์นิเจอร์ในประเทศไทย จำนวน 758 กิจการ วิเคราะห์ข้อมูลด้วยการหาความถี่ ร้อยละ ค่าเฉลี่ย ค่าเบี่ยงเบนมาตรฐาน สัมประสิทธิ์สหสัมพันธ์แบบเพียร์สัน การวิเคราะห์ความถดถอยอย่างง่าย และการวิเคราะห์์ความถดถอยเชิงพหุคูณผลการวิจัย พบว่า 1) การมุ่งเน้นความเป็นผู้ประกอบการมีความสัมพันธ์เชิงบวกต่อความได้เปรียบทางการแข่งขันอย่างยั่งยืน อย่างมีนัยสำคัญทางสถิติที่ระดับ .01 2) วิสัยทัศน์ระยะยาวมีความสัมพันธ์เชิงบวกต่อการมุ่งเน้นความเป็นผู้ประกอบการ อย่างมีนัยสำคัญทางสถิติที่ระดับ .01 3) การเปลี่ยนแปลงทางเทคโนโลยีมีความสัมพันธ์เชิงบวกต่อการมุ่งเน้นความเป็นผู้ประกอบการ อย่างมีนัยสำคัญทางสถิติที่ระดับ .001 และ 4) วัฒนธรรมการเรียนรู้ขององค์การมีความสัมพันธ์เชิงบวกต่อการมุ่งเน้นความเป็นผู้ประกอบการ อย่างมีนัยสำคัญทางสถิติที่ระดับ .05 ดังนั้น ผู้บริหารธุรกิจส่งออกเฟอร์นิเจอร์ในประเทศไทยสามารถนำไปใช้เป็นแนวทางสำหรับกำหนดการมุ่งความเป็นผู้ประกอบการอันจะนำไปสู่ความได้เปรียบทางการแข่งขันอย่างยั่งยืน งานวิจัยนี้ช่วยให้เข้าใจถึงกำหนดการมุ่งความเป็นผู้ประกอบการในบริบทของธุรกิจส่งออกเฟอร์นิเจอร์ในประเทศไทยได้ดียิ่งขึ้น,"การมุ่งเน้นการเป็นผู้ประกอบการ, ความได้เปรียบทางการแข่งขันอย่างยั่งยืน, วิสัยทัศน์ระยะยาว, การเปลี่ยนแปลงทางเทคโนโลย, วัฒนธรรมการเรียนรู้ขององค์การ",มี
10.14456/jrbac.2020.7,ปัจจัยเชิงสาเหตุที่มีผลกระทบต่อการพัฒนามาตรฐานสินค้าชุมชนของเครือข่ายเกษตรรุ่นใหม่ใน 7 จังหวัดภาคใต้ตอนบน = Causal factors affecting the development of community product standards for the new generation of agricultural network in 7 upper southern province,พัฐชญามาศ อุดหนุน,อุทิศ เสือแก้ว ชลดา มนัสทรง พัชรี สุวรรณรินทร์ และ อรุณี เทพเจริญ,,2563,(DOI) http://doi.nrct.go.th/ListDoi/listDetail?Resolve_DOI=10.14456/jrbac.2020.7,การศึกษาครั้งนี้มีวัตถุประสงค์เพื่อ 1) ศึกษาระดับการพัฒนามาตรฐานสินค้าชุมชนของเครือข่ายเกษตรรุ่นใหม่ใน 7 จังหวัดภาคใต้ตอนบน 2) ศึกษาปัจจัยเชิงสาเหตุที่มีผลกระทบต่อการพัฒนามาตรฐานสินค้าชุมชนของเครือข่ายเกษตรรุ่นใหม่ใน 7 จังหวัดภาคใต้ตอนบน 3) เพื่อสร้างโมเดลการพัฒนามาตรฐานสินค้าชุมชนของเครือข่ายเกษตรรุ่นใหม่ใน 7 จังหวัดภาคใต้ตอนบน โดยทำการศึกษากับกลุ่มสินค้าชุมชนของเครือข่ายเกษตรรุ่นใหม่ใน 7 จังหวัดภาคใต้ตอนบนมีตัวอย่างจำนวน 374 คน ด้วยวิธีการสุ่มกลุ่มตัวอย่างแบบเจาะจง ใช้แบบสอบถามเป็นเครื่องมือในการเก็บรวบรวมข้อมูล สถิติที่ใช้ในการวิเคราะห์ข้อมูล ได้แก่ การวิเคราะห์องค์ประกอบเชิงยืนยัน ที่ระดับนัยสำคัญทางสถิติ 0.05 ผลการวิจัยพบว่า การพัฒนามาตรฐานสินค้าชุมชนของเครือข่ายเกษตรรุ่นใหม่ใน 7 จังหวัดภาคใต้ตอนบน มาจากปัจจัยการบริหารจัดการควบคู่กับปัจจัยการสร้างความแตกต่างทางด้านผลิตภัณฑ์ ดัชนีชี้วัดการพัฒนามาตรฐานสินค้าชุมชนเกษตรรุ่นใหม่ได้ดีกว่าการนำปัจจัยการบริหารจัดการเพียงปัจจัยเดียวเข้ามาดำเนินงานเพื่อการพัฒนา จากสมการโครงสร้างที่มีความสอดคล้องกับข้อมูลเชิงประจักษ์ยังชี้ให้เห็นถึงปัจจัยย่อยที่เป็นปัจจัยสนับสนุนการพัฒนามาตรฐานสินค้าชุมชนของเครือข่ายเกษตรรุ่นใหม่ใน 7 จังหวัดภาคใต้ตอนบน,"มาตรฐานสินค้าชุมชน, เกษตรรุ่นใหม่",มี
10.14457/TU.the.2019.1264,การใช้และการตีความกฎหมายอาญา: ศึกษาเฉพาะกรณีมาตรา 6 แห่งพระราชบัญญัติหลักเกณฑ์การจัดทำร่างกฎหมายและการประเมินผลสัมฤทธิ์ของกฎหมาย พ.ศ. 2562,ชุติภา สุขเนียม,"สุรศักดิ์ ลิขสิทธิ์วัฒนกุล,  ที่ปรึกษา",,2562,(DOI) http://doi.nrct.go.th/ListDoi/listDetail?Resolve_DOI=10.14457/TU.the.2019.1264,พระราชบัญญัติหลักเกณฑ์การจัดทำร่างกฎหมายและการประเมินผลสัมฤทธิ์ของกฎหมาย พ.ศ. 2562 (ซึ่งต่อจากนี้จะย่อว่า “พระราชบัญญัติหลักเกณฑ์การจัดทำร่างกฎหมายฯ”) นั้น เป็นบทบัญญัติที่ถูกบัญญัติขึ้นมาโดยมีวัตถุประสงค์เพื่อให้เป็นไปตามเจตนารมณ์ มาตรา 77 ของรัฐธรรมนูญแห่งราชอาณาจักรไทย พุทธศักราช 2560 ที่บัญญัติว่า “รัฐพึงจัดให้มีกฎหมายเพียงเท่าที่จำเป็น และยกเลิกหรือปรับปรุงกฎหมายที่หมดความจำเป็นหรือไม่สอดคล้องกับสภาพการณ์ หรือที่เป็นอุปสรรคต่อการดำรงชีวิตหรือการประกอบอาชีพโดยไม่ชักช้าเพื่อไม่ให้เป็นภาระแก่ประชาชน และดำเนินการให้ประชาชนสามารถเข้าถึงตัวบทกฎหมายต่าง ๆ ได้โดยสะดวกและสามารถเข้าใจกฎหมายได้ง่ายเพื่อปฏิบัติตามได้อย่างถูกต้อง” และเพื่อให้หน่วยงานรัฐใช้เป็นกรอบหรือแนวทางการดำเนินการจัดทำร่างกฎหมายและการประเมินผลสัมฤทธิ์ของกฎหมายอย่างมีหลักเกณฑ์และแนวปฏิบัติที่ชัดเจนมากยิ่งขึ้น อย่างไรก็ดีพระราชบัญญัติหลักเกณฑ์การจัดทำร่างกฎหมายฯ มาตรา 6  นั้น ได้มีการให้อำนาจแก่ฝ่ายตุลาการหรือศาลในการพิจารณาถึงความจำเป็นของกฎหมาย กรณีหากมีการบังคับใช้บทบัญญัติใด ๆ แก่คดีและบทบัญญัตินั้นเป็นบทบัญญัติที่มีโทษอาญา โทษทางปกครอง หรือสภาพบังคับที่เป็นผลร้ายอื่นแก่ผู้ฝ่าฝืน หากศาลเห็นว่าบทบัญญัติดังกล่าวนั้นไม่มีความจำเป็นอีกต่อไป ก็ให้ที่ประชุมใหญ่ศาลฎีกา ที่ประชุมใหญ่ตุลาการพระธรรมนูญในศาลทหารสูงสุด ที่ประชุมใหญ่ตุลาการในศาลปกครองสูงสุด สามารถที่จะวินิจฉัยไม่ลงโทษ หรือจะลงโทษน้อยกว่าที่กฎหมายกำหนด หรือจะกำหนดสภาพบังคับที่เป็นผลร้ายแตกต่างจากที่กฎหมายกำหนดไว้แล้วแต่กรณี ก็ได้ ในประเด็นนี้อาจก่อให้เกิดปัญหาต่าง ๆ คือ 1) ปัญหาบทบัญญัติขัดต่อ “นิติวิธีในระบบซีวิลลอว์” 2) ปัญหาบทบัญญัติขัดต่อ “หลักการแบ่งแยกอำนาจ” 3) ปัญหาบทบัญญัติขัดต่อ “หลักประกันในกฎหมายอาญา” ในอนาคตหรือไม่จากการศึกษาพบว่าเนื้อความตามมาตรา 6 พระราชบัญญัติหลักเกณฑ์การจัดทำร่างกฎหมายฯ ขัดต่อ “นิติวิธีในระบบซีวิลลอว์” เนื่องจากประเทศไทยนั้นเป็นระบบซีวิลลอว์ ซึ่งยึดถือตัวบทกฎหมายที่เป็นลายลักษณ์อักษรเป็นสำคัญ ดังนั้นศาลมีหน้าที่เพียงใช้และตีความกฎหมายเท่าที่มีอยู่เท่านั้น ศาลไม่อาจสร้างหลักกฎหมายขึ้นมาใหม่ได้ แต่ด้วยถ้อยคำตามบทบัญญัติในมาตรา 6 เสมือนหนึ่งเป็นการให้อำนาจศาลในการวางหลักกฎหมายขึ้นมาใหม่ ซึ่งขัดต่อนิติวิธีในระบบซีวิลลอว์ อีกทั้งเนื้อความตาม มาตรา 6 พระราชบัญญัติหลักเกณฑ์การจัดทำร่างกฎหมายฯ ขัดต่อ “หลักการแบ่งแยกอำนาจ” เนื่องจากเนื้อความตามมาตรา 6 ให้อำนาจแก่ฝ่ายตุลาการในการกำหนดสภาพบังคับที่เป็นผลร้ายแตกต่างจากที่กฎหมายกำหนดไว้  จึงเสมือนหนึ่งว่าฝ่ายตุลาการสามารถกำหนดโทษขึ้นมาใหม่เองได้ ซึ่งแท้จริงแล้วอำนาจนี้เป็นอำนาจของฝ่ายนิติบัญญัติ นอกจากนี้เนื้อความตามมาตรา 6 พระราชบัญญัติหลักเกณฑ์การจัดทำร่างกฎหมายฯ ขัดต่อ “หลักประกันในกฎหมายอาญา” อีกด้วยเนื่องจากกฎหมายอาญานั้นจะต้องมีความชัดเจนแน่นอน เป็นลายลักษณ์อักษร ตีความอย่างเคร่งครัด และไม่มีผลย้อนหลัง แต่เนื้อความตามมาตรา 6 นั้นทำให้เห็นว่าการที่ฝ่ายตุลาการสามารถกำหนดสภาพบังคับที่เป็นผลร้ายแตกต่างจากที่กฎหมายกำหนดไว้  ทำให้กฎหมายนั้นขาดความชัดเจนแน่นอน ทำให้ขณะที่ผู้กระทำผิดได้กระทำการใด ๆ ในเวลานั้น ไม่อาจล่วงรู้ได้เลยว่าตนจะได้รับผลร้ายอย่างไร เสมือนหนึ่งว่าบทบัญญัตินี้รับรองว่าศาลสามารถกำหนดสภาพบังคับที่เป็นผลร้ายอย่างอื่นนอกจากที่บัญญัติไว้ในกฎหมายย้อนไปเป็นโทษแก่ผู้กระทำความผิดได้ดังนั้นแล้วจึงเห็นว่าเมื่อถ้อยคำตามมาตรา 6 แห่งพระราชบัญญัติหลักเกณฑ์การจัดทำร่างกฎหมายฯ นั้นอาจก่อให้เกิดปัญหาในเรื่อง นิติวิธีในระบบซีวิลลอว์ การแบ่งแยกอำนาจ และหลักประกันในกฎหมายอาญา เพื่อไม่ให้เกิดปัญหาในเรื่องของการบังคับใช้กฎหมายดังที่กล่าวมาข้างต้นในอนาคต จึงเห็นควรให้มีการยกเลิก มาตรา 6 แห่งพระราชบัญญัติหลักเกณฑ์การจัดทำร่างกฎหมายฯ อย่างไรก็ดีเมื่อการจัดทำร่างกฎหมายและการประเมินผลสัมฤทธิ์ของกฎหมายนั้นเป็นเรื่องที่มีความสำคัญในปัจจุบัน ดังนั้นแล้วหากยังคงหลักการไว้ก็เห็นสมควรให้มีการจัดตั้งองค์กรกลางทำหน้าที่เฉพาะในการรับผิดชอบในเรื่องดังกล่าว มิใช่ให้อำนาจแก่ฝ่ายตุลาการในการพิจารณาในเรื่องความจำเป็นของกฎหมาย ดังที่ถ้อยคำในมาตรา 6 ได้ให้อำนาจเอาไว้,"การประเมินผลสัมฤทธิ์ของกฎหมาย, การแบ่งแยกอำนาจ, นิติวิธี, หลักประกันในกฎหมายอาญา, Legal evaluation, Separation of powers, Judicial method, No penalty without a law, Nulla poena sine lege",มี
10.14456/mj-math.2021.2,ไบเบสของกึ่งไฮเพอร์กรุป,สำคัญ ฮ่อบรรทัด,เอกชัย อุดม;ฐิติกร โชคชัย,,2564,(DOI) http://doi.nrct.go.th/ListDoi/listDetail?Resolve_DOI=10.14456/mj-math.2021.2,จุดมุ่งหมายของบทความนี้คือการศึกษาแนวความคิดของไบเบสของกึ่งไฮเพอร์กรุป โดยแนะนำและอธิบายพัฒนาการของไบเบสของกึ่งไฮเพอร์กรุป ผลการวิจัยได้จากการขยายแนวคิดบนกึ่งกรุป,"กึ่งไฮเพอร์กรุป, ไบไฮเพอร์ไอดีล, ไบเบส, ควอซีออเดอร์",มี
10.14457/TU.the.2020.37,E-commerce strategies and barriers faced by the SMEs in Myanmar,Sandi Zun,"Surat Teerakapibal,  Advisor",,2563,(DOI) http://doi.nrct.go.th/ListDoi/listDetail?Resolve_DOI=10.14457/TU.the.2020.37,"The independent study research aims to review the position of SMEs in Myanmar and their challenges to participate in E-commerce which could enhance business performance and competitive advantages. At the same time, their perceptions towards E-commerce and success factors will be discovered, followed by most suitable remedies to adopt E-commerce in their businesses. In order for the readers to have a proper background understanding of the subjects being discussed, the research gives review of literatures starting from basic like what an SME is in general, what it is like in Myanmar, the country’s digital transformation and increased roles of E-commerce businesses in SME sectors. The research finds out the main challenges for SMEs in Myanmar to participate in E-commerce, their perceptions towards E-commerce, its influence on business success and the key success factors. Qualitative research is used in finding answers to the questions, to understand human perception, view and experience. Twenty SMEs entrepreneurs from different industry are called in for interview purposes and the findings are mixed in nature.","SMEs, Myanmar, E-commerce, Challenges, Barriers, Perceptions, Success factors",มี
10.14457/TU.the.2020.47,กรณีศึกษาผลกระทบของความเสี่ยงทางด้านอุปทานและการจัดการความเสี่ยงทางด้านอุปทานต่อผลการดําเนินงานทางการเงินของบริษัท,อรุณกมล จิโรภาส,"วรพงษ์ จันยั่งยืน,  ที่ปรึกษา",,2563,(DOI) http://doi.nrct.go.th/ListDoi/listDetail?Resolve_DOI=10.14457/TU.the.2020.47,การศึกษาวิจัยในครั้งนี้ จัดทำขึ้นโดยมีจุดประสงค์เพื่อต้องการศึกษาความสัมพันธ์ระหว่างความเสี่ยงทางด้านอุปทาน การจัดการความเสี่ยงทางด้านอุปทาน และผลการดำเนินงานทางการเงิน ซึ่งมีกลุ่มตัวอย่างคือ ผู้ผลิตชิ้นส่วนรถยนต์ภายในประเทศของบริษัท กขค ที่คาดว่าอาจจะได้รับผลกระทบจากความเสี่ยงทางด้านอุปทาน จำนวน 43 บริษัท โดยใช้แบบสอบถามในการเก็บข้อมูลเชิงปริมาณ แล้วจึงนำข้อมูลที่ได้ มาวิเคราะห์โดยใช้วิธีการทางสถิติ ซึ่งในงานวิจัยชิ้นนี้เลือกที่จะใช้วิธีการวิเคราะห์สมการถดถอยเชิงพหุคูณในการทดสอบสมมติฐานผลการศึกษาพบว่า ความเสี่ยงทางด้านอุปทานส่วนใหญ่ ไม่ส่งผลต่อการดำเนินงานทางการเงิน ยกเว้น ความเสี่ยงทางด้านผู้ผลิตไม่สามารถผลิตและส่งสินค้าได้ตามที่กำหนด ส่งผลกระทบทางบวกต่อสินค้าคงคลัง โดยที่เมื่อความเสี่ยงทางด้านอุปทานเปลี่ยนแปลงเพิ่มขึ้น 1 หน่วย จะส่งผลทำให้สินค้าคงคลังเพิ่มขึ้นร้อยละ 0.2592 ส่วนการจัดการความเสี่ยงทางด้านอุปทาน ก็ไม่ส่งผลต่อผลการดำเนินงานทางการเงินเช่นกัน เนื่องจากผลการวิเคราะห์สมการถดถอยเชิงพหุคูณไม่มีนัยสำคัญทางสถิติ ซึ่งอาจจะเกิดจากการที่กลุ่มตัวอย่างมีขนาดเล็ก และข้อมูลที่ไม่หลากหลายมากพอ เนื่องจากระยะเวลาที่เก็บข้อมูลเป็นช่วงที่มีการระบาดของไวรัส COVID-19 ที่ส่งผลกระทบทั้งด้านอุปสงค์และอุปทานในอุตสาหกรรมการผลิตยานยนต์ จึงอาจจะทำให้ตัวสมการไม่สามารถที่จะใช้อธิบายความสัมพันธ์ระหว่างตัวแปรในสถานการณ์ที่ไม่ปกติเช่นนี้ได้,"ความเสี่ยงทางด้านอุปทาน, การจัดการความเสี่ยงทางด้านอุปทาน, ผลการดำเนินงานทางการเงิน, Supply risk, Supply risk management, Firm financial performance",มี
10.14456/pmbcrb.2021.12,"Reproductive aspects and tolerance to temperature and salinity of eggs of pharaoh cuttlefish  Sepia pharaonis Ehrenberg, 1831 from Vietnam waters",Minh Duy Mai,Minh Duy Mai and Thu Thi Xuan Nguyen,,2564,(DOI) http://doi.nrct.go.th/ListDoi/listDetail?Resolve_DOI=10.14456/pmbcrb.2021.12,"This paper reports sex ratio, gonad development, and fecundity of the pharaoh cuttlefish (Sepia pharaonis Ehrenberg, 1831) field collected specimens and tolerance of live eggs obtained from broodstock to temperature and salinity in tank conditions. The cuttlefish specimens collected from Vietnam waters showed an average ratio of male: female of 1:1.07. When reaching a mantle length of 81?90 mm, the cuttlefish became sexually mature. The fecundity was 52?1938 eggs depending on female cuttlefish size. The newly laid eggs from broodstock had an average size of 40 mm and weight of 1.8 g. After 14?20 days, the eggs hatched. The hatchlings had no metamorphosis, lived on the yolk for 3?5 days and then began feeding on provided foods. The embryo normally developed at temperature of 26?28?C and salinity of 30?35?, but with a hatching rate of lower than 50%.","pharaoh cuttlefish,  Sepia pharaonis,  reproductive aspects,  egg,  tolerance,  temperature,  salinity, Vietnam",มี
10.14456/pmbcrb.2021.13,"New records of oceanic decapod cephalopods (Teuthida, Oegopsina) from East Andaman Sea, Thai waters",Surangkana Tuanapaya,"Surangkana Tuanapaya,  Jaruwat Nabhitabhata,  Kittichai Tongtherm and Charatsee Aungtonya",,2564,(DOI) http://doi.nrct.go.th/ListDoi/listDetail?Resolve_DOI=10.14456/pmbcrb.2021.13,"Specimens of oceanic decapods were collected from the East Andaman Sea, Thai waters from depths of 33 to 649 m. Five species are newly recorded; Ancistrocheirus lesueurii (d'Orbigny, 1842), Abralia spaercki Grimpe, 1931, Idioteuthis cordiformis (Chun, 1908), Octopoteuthis megaptera (Verrill, 1885) and Octopoteuthis rugosa Clarke, 1980. These records increase the number of oegopsid taxa in this region to forty-five and increase the number of available voucher specimens to thirteen.","new record,  oceanic decapod cephalopod,  Thai waters",มี
10.14456/jsct.2020.4,ประสิทธิภาพของระบบงานทรัพยากรมนุษย์ที่มีอิทธิพลต่อคุณภาพชีวิตในการทำงาน กรณีศึกษา อุตสาหกรรมเกมในประเทศไทย,พนสณฑ์ ภาวกังวาลวงษ์,,,2563,(DOI) http://doi.nrct.go.th/ListDoi/listDetail?Resolve_DOI=10.14456/jsct.2020.4,การวิจัยในครั้งนี้มีวัตถุประสงค์เพื่อวิเคราะห์ความสัมพันธ์ระหว่างปัจจัยด้านประสิทธิภาพของระบบงานทรัพยากรมนุษย์กับปัจจัยด้านคุณภาพชีวิตในการทำงานของบุคลากรและการค้นหาข้อมูลเชิงลึกของความสัมพันธ์เชิงอำนาจการทำนายระหว่างปัจจัยทั้งสอง อันนำไปสู่การเสนอแนะแนวทางการจัดการคุณภาพชีวิตในการทำงานที่เหมาะสมกับบุคลากรในอุตสาหกรรมเกมในประเทศไทย การวิจัยนี้เป็นการวิจัยแบบผสมผสาน โดยใช้วิธีการเก็บข้อมูลด้วยแบบสอบถามจำนวน 319 ฉบับ กลุ่มตัวอย่างในการศึกษาครั้งนี้ คือ บุคลากรที่ทำงานอยู่ในอุตสาหกรรเกมในประเทศไทย ซึ่งใช้วิธีการสุ่มตัวอย่างแบบตามความสะดวกและความสมัครใจที่จะให้ข้อมูลแก่ผู้วิจัย รวมถึงการสัมภาษณ์เชิงลึกจำนวน 5 คน ซึ่งเป็นบุคลากรที่มีความเกี่ยวข้องต่อการทำงานในด้านการบริหารคน ได้แก่ 1) ผู้บริหาร และ 2) ผู้จัดการฝ่ายทรัพยากรมนุษย์ ผ่านการคัดเลือกกลุ่มตัวอย่างแบบเจาะจง การวิเคราะห์ข้อมูลเชิงปริมาณโดยใช้สถิติเชิงพรรณนา ได้แก่ ค่าร้อยละ ค่าเฉลี่ย และค่าส่วนเบี่ยงเบนมาตรฐาน และการวิเคราะห์สถิติเชิงอนุมาน ซึ่งประกอบด้วย การวิเคราะห์ค่าสัมประสิทธิ์สหสัมพันธ์แบบเพียร์สันและการวิเคราะห์ความถดถอยพหุคูณแบบเป็นขั้น ข้อมูลเชิงคุณภาพโดยใช้การวิเคราะห์เนื้อหา ผลการศึกษาพบว่า (1) องค์การมีการดำเนินงานด้านทรัพยากรมนุษย์ทั้งในลักษณะการจัดการทรัพยากรมนุษย์และการพัฒนาทรัพยากรมนุษย์โดยรวมได้อย่างมีประสิทธิภาพมาก (2) บุคลากรในอุตสาหกรรมเกมมีคุณภาพชีวิตในการทำงานโดยรวมอยู่ในระดับมาก (3) ประสิทธิภาพของการดำเนินงานด้านความรับผิดชอบต่อสังคม การพัฒนาสายอาชีพ พนักงานสัมพันธ์ การสรรหาและคัดเลือกและการบริหารค่าตอบแทนและผลประโยชน์ สามารถร่วมกันทำนายการผันแปรของคุณภาพชีวิตในการทำงานโดยรวมของบุคลากรในอุตสาหกรรมเกมได้ร้อยละ 76.9 (4) การดำเนินกิจกรรมเพื่อสร้างคุณภาพชีวิตในการทำงาน ได่แก่ 4.1) การคัดเลือกคนควรพิจารณาจากความรู้ ความสามารถ ทักษะ ประสบการณ์ในการทำงานและเรื่องทัศนคติในการทำงาน 4.2) การให้เงินเดือน ค่าตอบแทนรายโปรเจค โบนัสปลายปี ส่วนแบ่งจากรายได้ของบริษัท ค่ารักษาพยาบาล กองทุนเลี้ยงชีพ และค่าเดินทาง 4.3) การให้โอกาสสำหรับการแสดงความคิดอย่างมีอิสระ ลักษณะของงานที่เน้นการทำงานเป็นทีม การมีพื้นที่ในการทำกิจกรรม 4.4) การให้โอกาสในการทำงานที่ท้าทายขึ้น การเรียนรู้งานและการให้คำแนะนำจากหัวหน้า การมอบหมายให้เป็นพี่เลี้ยงนักศึกษา 4.5) การให้เสรีภาพในการแสดงออกของพนักงาน การแสดงออกถึงการปฏิบัติอย่างเท่าเทียมและเสมอภาค การดำรงอยู่กันแบบพี่น้องและครอบครัว และการให้ความสำคัญต่อสภาพการจ้างงานที่เหมาะสมถูกต้องและสอดคล้องกับกฎหมาย,"ระบบงานทรัพยากรมนุษย์, คุณภาพชีวิตในการทำงาน, อุตสาหกรรมเกม",มี
10.14456/jsct.2020.21,ภาพแทนความสุขในการเรียนที่สามจังหวัดชายแดนใต้ จากครู นักเรียน และโรงเรียนในเรื่องราวท้องถิ่นของแบบฝึกอ่านภาษาไทยเฉพาะกิจ ประถมศึกษา 1-2,สรินฎา ปูติ,"วรรณนะ หนูหมื่น,  วิฑูรย์ เมตตาจิตร",,2563,(DOI) http://doi.nrct.go.th/ListDoi/listDetail?Resolve_DOI=10.14456/jsct.2020.21,บทความวิจัยนี้มีจุดประสงค์เพื่อวิเคราะห์ภาพแทนความสุขของการเรียนที่สามจังหวัดชายแดนใต้ จากครู นักเรียน และโรงเรียน ในเรื่องราวท้องถิ่นของแบบฝึกอ่านภาษาไทยเฉพาะกิจ ประถมศึกษา 1 และ 2  เรื่องราวที่นำมาวิเคราะห์นั้น ครูสามจังหวัดชายแดนใต้ร่วมกันแต่งขึ้นจากบริบทของชุมชน  เป็นการวิจัยเชิงคุณภาพ วิจัยจากเอกสาร ข้อมูลหลัก คือ เรื่องราวท้องถิ่นในแบบฝึกอ่านภาษาไทยเฉพาะกิจ จากหนังสือบัญชีคำพื้นฐานภาษาไทย ประถมศึกษาที่ 1 และ 2 วิธีวิจัยและอภิปรายผลวิจัยใช้การพรรณนาวิเคราะห์ด้วยแนวคิดของ Hall เรื่องภาพเสนอแทน          ผลการวิจัย พบว่า ภาพแทนความสุขในการเรียนที่สามจังหวัดชายแดนใต้ ประกอบสร้างจาก 3 ส่วน คือ 1) ภาพแทนความสุขของครูในสามจังหวัดชายแดน ที่มีความห่วงใยนักเรียน มุ่งมั่นปฏิบัติหน้าที่อย่างไม่หวั่นอันตราย เป็นผู้สอนวิชาการและทักษะชีวิตให้นักเรียน 2) ภาพแทนความสุขของนักเรียนประถมต้นในสามจังหวัดชายแดนใต้ ที่กระตือรือร้น เรียนและไปโรงเรียน อย่างสุขใจ และ 3) ภาพแทนความสุขของโรงเรียนสามจังหวัดชายแดนใต้ ที่มีห้องเรียนพร้อมสภาพแวดล้อมร่มรื่น ธรรมชาติสมบูรณ์ ส่งเสริมการเรียนรู้ ภาพแทนความสุขของการเรียนประถมศึกษา 1 และ 2  ในสามจังหวัดชายแดนใต้ จากแบบเรียนเฉพาะกิจนี้ มุ่งให้คนนอกพื้นที่รับรู้ลักษณะเฉพาะตัวด้านความสุขของการเรียนในท้องถิ่นนี้ และกระตุ้นให้เห็นความสำคัญของการจัดการเรียนการสอน ที่ต่างกับรูปแบบตายตัวจากหลักสูตรแกนกลาง ซึ่งไม่เชื่อมโยงกับการเรียนรู้จากสภาพการณ์จริงในท้องถิ่น,"ภาพแทนความสุข, การเรียนในสามจังหวัดชายแดนใต้, แบบฝึกอ่านภาษาไทยเฉพาะกิจ, บริบทท้องถิ่น",มี
10.14456/jsct.2020.23,การมีส่วนร่วมของประชาชนต่อการเสริมสร้างสันติสุขและสมานฉันท์ ในพื้นที่จังหวัดชายแดนใต้,อภิวัฒน์ สมาธิ,ภาณุ ธรรมสุวรรณ; อัศว์ศิริ ลาปีอี,,2563,(DOI) http://doi.nrct.go.th/ListDoi/listDetail?Resolve_DOI=10.14456/jsct.2020.23,การวิจัยมีวัตถุประสงค์เพื่อศึกษาระดับการมีส่วนร่วมของประชาชนต่อกลไกการเสริมสร้างสันติสุขและสมานฉันท์โดยองค์กรปกครองส่วนท้องถิ่นในพื้นที่จังหวัดชายแดนภาคใต้ และเพื่อศึกษาความคิดเห็นต่อกระบวนการเสริมสร้างสันติสุขและสมานฉันท์โดยองค์กรปกครองส่วนท้องถิ่น รวมถึงเปรียบเทียบปัจจัยที่มีผลต่อความคิดเห็นดังกล่าว สู่ข้อเสนอการพัฒนาแนวทางเสริมสร้างสันติสุขและสมานฉันท์ที่สอดคล้องกับบริบทพื้นที่จังหวัดชายแดนภาคใต้ โดยใช้การวิจัยเชิงผสมผสาน ด้วยแบบสอบถามสำรวจความคิดเห็นของประชาชน จำนวน 398 คน ซึ่งได้มาด้วยวิธีการสุ่มอย่างง่ายและวิเคราะห์ข้อมูลโดยใช้ค่าร้อยละ ค่าเฉลี่ย ค่าเบี่ยงเบนมาตรฐานและวิเคราะห์การถดถอยแบบพหุคูณ ผสานกับการสัมภาษณ์เชิงลึกจากกลุ่มผู้ให้ข้อมูลหลักที่มีบทบาทสำคัญต่อกระบวนการขับเคลื่อนสันติสุขและสมานฉันท์ ผ่านกลุ่มองค์กรที่เกี่ยวข้อง จำนวน 12 คน            ผลการวิจัย พบว่า การมีส่วนร่วมของประชาชนต่อกลไกการเสริมสร้างสันติสุขและสมานฉันท์โดยองค์กรปกครองส่วนท้องถิ่นในพื้นที่จังหวัดชายแดนภาคใต้ ภาพรวมอยู่ในระดับปานกลาง (gif.latex?ar{x}=3.30) ขณะที่ความคิดเห็นของประชาชนต่อกระบวนการเสริมสร้างสันติสุขและสมานฉันท์โดยองค์กรปกครองส่วนท้องถิ่น ภาพรวมอยู่ในระดับมาก (gif.latex?ar{x}=3.97) โดยปัจจัยที่สัมพันธ์กับความคิดเห็นดังกล่าวอย่างมีนัยสำคัญทางสถิติที่ระดับ .01 ได้แก่ รายได้ของประชาชน สถานภาพการมีส่วนร่วมทางสังคมการเมือง รวมทั้งการเสริมสร้างทรัพยากรมนุษย์และความเข้มแข็งทางสังคม ซึ่งปัจจัยทั้ง 3 สามารถอธิบายความผันแปรได้ร้อยละ 43.10 (R2=0.431) ขณะที่ข้อเสนอสะท้อนให้หน่วยงานภาครัฐ รับฟังความคิดเห็นพร้อมทั้งพัฒนากลไกการมีส่วนร่วมของประชาชนให้สอดคล้องกับการสร้างความเป็นพลเมืองผ่านกระบวนการดำเนินงานเสริมสร้างสันติสุขและสมานฉันท์โดยองค์กรปกครองส่วนท้องถิ่นเป็นกลไกสำคัญด้วย,"การมีส่วนร่วม, สันติสุขและสมานฉันท์, จังหวัดชายแดนภาคใต้",มี
10.14456/jsct.2020.27,ความคาดหวังและการรับรู้ของผู้รับบริการที่มีต่อคุณภาพการบริการ ของโรงพยาบาลทั่วไป ขนาด 120 เตียง จังหวัดนครศรีธรรมราช,เพ็ญนภา อ่อนเกลี้ยง,พาณี สีตกะลิน; สมจิตต์ สุพรรณทัสน์,,2563,(DOI) http://doi.nrct.go.th/ListDoi/listDetail?Resolve_DOI=10.14456/jsct.2020.27,การวิจัยนี้มีวัตถุประสงค์เพื่อศึกษา 1) ระดับความคาดหวังและการรับรู้ของผู้รับบริการที่มีต่อคุณภาพบริการของโรงพยาบาลทั่วไปขนาด 120 เตียง จังหวัดนครศรีธรรมราช และ 2) เปรียบเทียบความคาดหวังและการรับรู้คุณภาพบริการของผู้รับบริการโรงพยาบาลทั่วไป ขนาด 120 เตียง จังหวัดนครศรีธรรมราช ประชากรที่ใช้ คือ ผู้มารับบริการแผนกผู้ป่วยนอกของโรงพยาบาลทั่วไป ขนาด 120 เตียง จังหวัดนครศรีธรรมราช ใช้วิธีการเลือกกลุ่มตัวอย่างแบบบังเอิญ ได้กลุ่มตัวอย่าง 400 คน เก็บข้อมูลจากแบบสอบถามเกี่ยวกับปัจจัยส่วนบุคคล ความคาดหวังและการรับรู้ของผู้รับบริการในการให้บริการด้านโครงสร้าง กระบวนการ และ ผลลัพธ์ในการให้บริการ สถิติที่ใช้ คือ ร้อยละ ค่าเฉลี่ย ค่าเบี่ยงเบนมาตรฐาน และการทดสอบค่าที            ผลการวิจัย พบว่า 1) ระดับความคาดหวังของผู้รับบริการที่มีต่อคุณภาพบริการของโรงพยาบาลทั่วไปขนาด 120 เตียง จังหวัดนครศรีธรรมราช ในภาพรวมทุกด้านอยู่ในระดับมาก และระดับการรับรู้ของผู้รับบริการที่มีต่อคุณภาพการบริการของโรงพยาบาลทั่วไปจังหวัดนครศรีธรรมราชในภาพรวมอยู่ในระดับควรพัฒนา และ 2) เมื่อเปรียบเทียบความคาดหวังและการรับรู้คุณภาพบริการมีความแตกต่างกันอย่างมีนัยทางสถิติที่ระดับ .05 และผลที่ได้จากการวิจัยนี้สามารถนำไปใช้เป็นแนวทางในการปรับปรุงคุณภาพการให้บริการของโรงพยาบาลทั่วไปขนาด 120 เตียง ของจังหวัดนครศรีธรรมราชและจังหวัดอื่น ๆ ให้มีคุณภาพและตอบสนองความคาดหวังของผู้รับริการต่อไป,"ความคาดหวัง, การรับรู้, ผู้รับบริการ, คุณภาพบริการ",มี
10.14456/jsct.2020.34,ปัจจัยที่ส่งผลต่อความมุ่งมั่นในการปฏิบัติงานของครูในโรงเรียนสังกัดเมืองพัทยา,อังสุมารินทร์ อนุติ,ชัยพจน์ รักงาม; ภัคณัฏฐ์ สมพงษ์ธรรม,,2563,(DOI) http://doi.nrct.go.th/ListDoi/listDetail?Resolve_DOI=10.14456/jsct.2020.34,"การวิจัยครั้งนี้มีวัตถุประสงค์เพื่อ 1) วิเคราะห์องค์ประกอบที่ส่งผลต่อความมุ่งมั่นในการปฏิบัติงาน 2) วิเคราะห์ปัจจัยเชิงสาเหตุที่ส่งผลต่อความมุ่งมั่นในการปฏิบัติงาน และ 3) ตรวจสอบความตรงเชิงโครงสร้างที่ส่งผลต่อความมุ่งมั่นในการปฏิบัติงานของพนักงานครูในโรงเรียนสังกัดเมืองพัทยา โดยใช้กลุ่มเป้าหมาย 2 กลุ่ม ดังนี้ กลุ่มเป้าหมายตามวัตถุประสงค์ข้อที่ 1 ได้แก่ พนักงานครู จำนวน 11 คน ได้จากการเลือกมาอย่างเจาะจง และเทคนิคการบอกต่อ โดยใช้แบบสัมภาษณ์กึ่งโครงสร้างในการเก็บข้อมูล กลุ่มเป้าหมายตามวัตถุประสงค์ข้อที่ 2 และ 3 ได้แก่ พนักงานครู จำนวน 360 คน เก็บข้อมูลโดยการใช้แบบสอบถาม การวิเคราะห์ข้อมูลใช้โปรแกรมคอมพิวเตอร์สำเร็จรูปหาค่าความถี่ ร้อยละ ค่าเฉลี่ย ค่าเบี่ยงเบนมาตรฐาน และลิสเรล ผลการวิจัย พบว่า 1) ปัจจัยที่เป็นสาเหตุความมุ่งมั่นในการปฏิบัติงาน เรียงลำดับความสำคัญของข้อค้นพบ ได้แก่ ความผูกพันองค์กร บรรยากาศองค์กร การทำงานเป็นทีม และความก้าวหน้าในการทำงาน ตามลำดับ 2) ความสัมพันธ์โครงสร้างเชิงสาเหตุของความมุ่งมั่นในการปฏิบัติงาน มีความสอดคล้องกับข้อมูลเชิงประจักษ์ พิจารณาจากผลการตรวจสอบค่า c2= 89.45, df = 75, P = 0.122  ดัชนี CFI = 1.00, GFI = 0.97, RMSEA = 0.02 และ c2/df = 1.19 แสดงว่า ตัวแปรทั้งหมดสามารถอธิบายความแปรปรวนของตัวแปรความมุ่งมั่นในการปฏิบัติงานได้และ 3) ตัวแปรที่มีอิทธิพลทางตรงต่อความมุ่งมั่นในการปฏิบัติงานของพนักงานครูในโรงเรียนสังกัดเมืองพัทยาอย่างมีนัยสำคัญทางสถิติที่ระดับ .05 ได้แก่ ความผูกพันต่อองค์กร บรรยากาศองค์กร ความก้าวหน้าในการทำงาน ส่วนตัวแปรที่มีอิทธิพลทางอ้อมต่อความมุ่งมั่นในการปฏิบัติงานของพนักงานครูในโรงเรียนสังกัดเมืองพัทยา อย่างมีนัยสำคัญทางสถิติ ได้แก่ บรรยากาศองค์กร ผ่านตัวแปรความก้าวหน้าในการทำงาน แสดงให้เห็นว่า โมเดลสมมติฐานที่สร้างขึ้นมาสามารถใช้อธิบายความมุ่งมั่นในการปฏิบัติงานของพนักงานครูในโรงเรียนสังกัดเมืองพัทยาได้","ความมุ่งมั่นในการปฏิบัติงานของพนักงานครู, โมเดลความสัมพันธ์เชิงสาเหตุ",มี
10.14457/TU.the.2019.736,์์์การศึกษาแนวปฏิบัติทางการบัญชีตามมาตรฐานการบัญชี ฉบับที่ 41 เรื่อง เกษตรกรรม: กรณีศึกษา ธุรกิจสวนสัตว์,ลลิตา แดงเรืองรัมย์,"วรรณี เตโชโยธิน,  ที่ปรึกษา",,2562,(DOI) http://doi.nrct.go.th/ListDoi/listDetail?Resolve_DOI=10.14457/TU.the.2019.736,งานค้นคว้าอิสระนี้มีวัตถุประสงค์เพื่อศึกษาแนวปฏิบัติทางการบัญชีสำหรับธุรกิจสวนสัตว์  โดยได้ศึกษาแนวการปฏิบัติ  การบันทึกบัญชี การกำหนดวิธีการรับรู้และการวัดมูลค่าสินทรัพย์ชีวภาพ การจัดทำงบการเงิน รวมถึงการเปิดเผยข้อมูลสำหรับกิจกรรมการเกษตรตามมาตรฐานการบัญชีฉบับที่ 41 เรื่องเกษตรกรรม เพื่อให้ผู้ใช้งบการเงินมีความเข้าใจในข้อมูลของธุรกิจสวนสัตว์มากขึ้น  การศึกษาครั้งนี้ได้ทำการเก็บรวบรวมข้อมูลจากการบันทึกบัญชี รูปแบบการจัดทำงบการเงิน โดยเปรียบเทียบข้อมูลที่มีการเปิดเผยในงบการเงินและรายงานประจำปี ระหว่างปี 2559 - 2561 ของบริษัทที่ประกอบธุรกิจสวนสัตว์ที่จดทะเบียนในตลาดหลักทรัพย์แห่งประเทศไทย องค์การสวนสัตว์ขนาดใหญ่และบริษัทขนาดกลาง นอกจากนี้ยังมีการสัมภาษณ์เชิงลึกกับผู้ทำบัญชี  ผู้สอบบัญชีรับอนุญาตของธุรกิจสวนสัตว์ในจังหวัดเชียงใหม่  และจังหวัดชลบุรี เพื่อเปรียบเทียบแนวทางการปฏิบัติ           ผลการศึกษาพบว่า  บริษัทที่ดำเนินธุรกิจเกี่ยวกับสินทรัพย์ชีวภาพ สัตว์เพื่อการจัดแสดงส่วนใหญ่ยังคงใช้วิธีราคาทุนในการรับรู้รายการและวัดมูลค่าสินทรัพย์ชีวภาพและผลิตผลทางการเกษตร และจากการสัมภาษณ์เพื่อสอบถามความคิดเห็นเกี่ยวกับความเหมาะสมในการนำมาตรฐานการบัญชี ฉบับที่ 41 เรื่อง เกษตรกรรม มาปฏิบัติใช้ พบว่าไม่มีความเหมาะสมเท่าที่ควร โดยยังพบปัญหาหลักที่เกิดขึ้น  ข้อที่หนึ่ง การรับรู้รายการและการวัดมูลค่าสินทรัพย์ชีวภาพมีความยุ่งยากในการหามูลค่ายุติธรรมที่น่าเชื่อถือ ข้อที่สอง การรับรู้รายการกำไรหรือขาดทุนที่เกิดขึ้นเข้าสู่งบกำไรขาดทุนทันทีทั้งจำนวนซึ่งรายการดังกล่าวถือเป็นรายการที่ยังไม่เกิดขึ้นจริงในรอบบัญชี ส่งผลกระทบโดยตรงต่อความน่าเชื่อถือในงบการเงินของกิจการ  ข้อที่สาม ความไม่เข้าใจเกี่ยวกับแนวปฏิบัติตามมาตรฐานบัญชีเกษตรกรรม ข้อที่สี่ การเปิดเผยข้อมูลมีรายละเอียดมากเกินไป,"มาตรฐานการบัญชีฉบับที่ 41, สินทรัพย์ชีวภาพ, มูลค่ายุติธรรม, ผลิตผลทางการเกษตร, พืชเพื่อการให้ผลิตผล, TAS 41, Biological assets, Fair value, Agricultural products, Bearer plants",มี
10.14457/TU.the.2019.1276,บทบาทของพรรคประชาชนปฏิวัติลาวที่มีต่อการเมืองของสปป.ลาว ระหว่าง ค.ศ. 1992-2016,ณัฐพล อิ้งทม,"นภดล ชาติประเสริฐ,  ที่ปรึกษา",,2562,(DOI) http://doi.nrct.go.th/ListDoi/listDetail?Resolve_DOI=10.14457/TU.the.2019.1276,วิทยานิพนธ์ฉบับนี้มุ่งหวังจะศึกษาเกี่ยวกับบทบาทของพรรคประชาชนปฏิวัติลาว (พปปล.) ที่ส่งผลกระทบต่อการเมืองในสาธารณรัฐประชาธิปไตยประชาชนลาว (สปป.ลาว) ระหว่าง ค.ศ.1992-2016 โดยใช้วิธีการศึกษาวิจัยเอกสารและนำมาบรรยายแบบพรรณนา วิทยานิพนธ์นี้มุ่งศึกษาการปรับเปลี่ยนบทบาทของ พปปล. รวมถึงผลกระทบของการปรับเปลี่ยนบทบาทดังกล่าวต่อการเมืองของ สปป.ลาวผลการศึกษาพบว่า ในช่วงระหว่าง ค.ศ.1992-2006 นั้น กองทัพประชาชนลาวเข้ามามีบทบาทนำในพรรคมากขึ้น กลุ่มผู้นำทหารจึงเป็นผู้กำหนดนโยบายของพรรคและเป็นผู้นำทางการเมืองในช่วงเวลานั้น อย่างไรก็ตาม ในระหว่าง ค.ศ.2006-2016 กลับเป็นช่วงที่พลเรือนมีบทบาทมากขึ้น แต่พวกเขาก็ยังเป็นส่วนหนึ่งของเครือข่ายผู้นำเดิม ในการนี้ โครงสร้างหลักของพรรคจึงไม่มีการเปลี่ยนแปลงมากนัก แต่มีการปรับเปลี่ยนผู้ดำรงตาแหน่งทางการเมืองในแต่ละช่วงเวลาโดยยังคงรักษาลักษณะของการนำรวมหมู่ไว้ แนวทางดังกล่าวสะท้อนถึงการประนีประนอมภายในพรรคเพื่อรักษาสมดุลอำนาจและเครือข่ายอุปถัมภ์ภายใต้ระบบการเมืองแบบพรรคเดียว,"พรรคประชาชนปฏิวัติลาว, บทบาททางการเมือง, การรักษาอำนาจทางการเมือง, การสร้างความชอบธรรมทางการเมือง, Lao People’s Revolutionary Party, Political role, Maintaining political power, Political legitimization",มี
10.14456/rhpc9j.2021.3,ความรู้และพฤติกรรมการป้องกันอันตรายต่อสุขภาพจากการเก็บและขนมูลฝอยติดเชื้อของพนักงานเก็บและขนมูลฝอยติดเชื้อในบริษัทเอกชน และองค์กรปกครองส่วนท้องถิ่นในพื้นที่จังหวัดปทุมธานี,ภูไทย กมลวารินทร์,,,2564,(DOI) http://doi.nrct.go.th/ListDoi/listDetail?Resolve_DOI=10.14456/rhpc9j.2021.3,"การวิจัยครั้งนี้ มีวัตถุประสงค์เพื่อศึกษาความรู้และพฤติกรรมการสวมใส่อุปกรณ์ป้องกันอันตรายส่วนบุคคล และศึกษาปัจจัยที่มีความสัมพันธ์กับพฤติกรรมการสวมใส่อุปกรณ์ป้องกันอันตรายส่วนบุคคลของพนักงานเก็บและขนมูลฝอยติดเชื้อจำนวน 52 คนจากบริษัทเอกชน และองค์กรปกครองส่วนท้องถิ่นที่เข้ามาดำเนินการเก็บและขนมูลฝอยติดเชื้อในพื้นที่จังหวัดปทุมธานี เก็บรวบรวมข้อมูลด้วยแบบสัมภาษณ์แบบมีโครงสร้าง และแบบสังเกต วิเคราะห์ข้อมูลโดยใช้ความถี่ ร้อยละ และ One-way ANOVA ที่ระดับ p=0.05 ผลการศึกษาพบว่าพนักงานเก็บและขนมูลฝอยติดเชื้อมีความรู้เกี่ยวกับการเก็บและขนมูลฝอยติดเชื้อในภาพรวมอยู่ในระดับปานกลาง (X ?=2.78, SD=1.56) และมีคะแนนพฤติกรรมการสวมใส่อุปกรณ์ป้องกันอันตรายส่วนบุคคลในภาพรวมอยู่ในระดับปานกลาง (X ?=3.26, SD=0.76) โดยพบว่าผู้ที่มีประวัติผ่านการฝึกอบรมการป้องกันและระงับการแพร่เชื้อหรืออันตรายที่อาจเกิดจากมูลฝอยติดเชื้อ มีคะแนนเฉลี่ยพฤติกรรมการสวมใส่อุปกรณ์ป้องกันอันตรายส่วนบุคคลสูงกว่ากลุ่มที่ไม่เคยผ่านการฝึกอบรม พฤติกรรมการสวมใส่อุปกรณ์ป้องกันอันตรายส่วนบุคคลที่พบว่าพนักงานเก็บและขนมูลฝอยติดเชื้อสามารถปฏิบัติได้อย่างถูกต้องทั้งหมดคือการสวมใส่ถุงมือยางหนาขณะปฏิบัติงาน และพฤติกรรมการเก็บและขนมูลฝอยติดเชื้อของพนักงานเก็บและขนมูลฝอยติดเชื้อที่สามารถปฏิบัติได้อย่างถูกต้องทั้งหมดมี 3 พฤติกรรมได้แก่ 1) เก็บขนมูลฝอยติดเชื้ออย่างถูกวิธี 2) ไม่หยอกล้อหรือเล่นกับเพื่อนร่วมงานขณะปฏิบัติงาน และ 3) ไม่สูบบุหรี่ขณะปฏิบัติงาน นอกจากนี้ พบว่า พนักงานเก็บและขนมูลฝอยติดเชื้อกลุ่มที่มีอายุ 19-30 ปี มีค่าคะแนนเฉลี่ยพฤติกรรมการสวมใส่อุปกรณ์ป้องกันอันตรายส่วนบุคคลน้อยกว่ากลุ่มอายุ 31-40 ปี และ 41-50 ปี พนักงานเก็บและขนมูลฝอยติดเชื้อ กลุ่มที่มีอายุงานน้อยกว่า 1 ปี มีค่าคะแนนเฉลี่ยพฤติกรรมการสวมใส่อุปกรณ์ป้องกันอันตรายส่วนบุคคลน้อยกว่ากลุ่มที่มีอายุงาน 1-5 ปี และมากกว่า 5 ปีขึ้นไป และ พนักงานเก็บและขนมูลฝอยติดเชื้อที่มีระดับความรู้แตกต่างกันมีพฤติกรรมการสวมใส่อุปกรณ์ป้องกันอันตรายส่วนบุคคลแตกต่างกัน","มูลฝอยติดเชื้อ, พนักงานเก็บและขนมูลฝอยติดเชื้อ, อุปกรณ์ป้องกันอันตรายส่วนบุคคล",มี
10.14456/jsct.2020.30,การพัฒนารูปแบบการจัดการแหล่งพลังงานทดแทนเพื่อรองรับระบบ สมาร์ตกริดเทคโนโลยีในอนาคตของพื้นที่ภาคใต้ตอนบน,รัตน์เศรษฐ์ จามจุรี,วัชระ วงศ์ปัญโญ; บุญวัฒน์ วิจารณ์พล,,2563,(DOI) http://doi.nrct.go.th/ListDoi/listDetail?Resolve_DOI=10.14456/jsct.2020.30,การวิจัยนี้มีวัตถุประสงค์ 1) เพื่อศึกษารูปแบบการจัดการไฟฟ้าแบบผสมผสานของระบบสมาร์ตกริดของพื้นที่ภาคใต้ตอนบน และ 2) เพื่อพัฒนารูปแบบการจัดการแหล่งพลังงานทดแทนเพื่อรองรับระบบสมาร์ตกริดเทคโนโลยีในอนาคตของพื้นที่ภาคใต้ โดยผู้วิจัยใช้ระเบียบวิธีวิจัยเชิงคุณภาพ ด้วยเทคนิค EDFR เดลฟาย ในการระดมความคิดเห็นและข้อเสนอแนะของผู้เชี่ยวชาญที่ได้มาจากการสุ่มแบบเจาะจง จำนวน 20 คน โดยเป็นผู้ที่มีความรู้ ประสบการณ์จากการทำงานและเป็นผู้บริหารระดับสูงที่เกี่ยวข้อง ได้แก่ กระทรวงมหาดไทย กระทรวงพลังงาน เพื่อนำมาสัมภาษณ์เชิงลึก และการตรวจสอบ ประเมิน รับรองรูปแบบการบริหารจัดการนวัตกรรมเทคโนโลยีอนาคตของระบบสมาร์ตกริดแบบผสมผสาน            ผลการวิจัย พบว่า รูปแบบการจัดการแหล่งพลังงานทดแทนเพื่อรองรับระบบสมาร์ตกริดเทคโนโลยีในอนาคตของพื้นที่ภาคใต้ ประกอบไปด้วย การบริหารจัดการพลังงานในพื้นที่ภาคใต้ตอนบน และ นโยบายพลังงานของประเทศเป็นเครื่องมือที่สำคัญในการพัฒนาประเทศให้เกิดความยั่งยืนด้วยการกำหนดปริมาณการผลิตไว้เป็นจำนวนตัวเลขต่อวัน เพื่อให้เกิดการวางแผนด้านการนำเข้าพลังงานและการสนับสนุนพลังงานทดแทนอย่างชัดเจนและรัฐบาลควรมีนโยบายให้การสนับสนุนโรงไฟฟ้าพลังงานทดแทน เช่น โรงไฟฟ้าพลังงานลม และโรงไฟฟ้าพลังงานแสงอาทิตย์ เป็นต้น และสามารถใช้เป็นแนวทางในการบริหารพลังงานของภาครัฐ สร้างความเป็นธรรม และเกิดความสมดุลอันเป็นแนวทางการแก้ไขที่ตรงจุด และการพัฒนารูปแบบการจัดการแหล่งพลังงานทดแทนเพื่อรองรับระบบสมาร์ตกริดเทคโนโลยีในอนาคตของพื้นที่ภาคใต้ตอนบน จะเป็นประโยชน์กับทุกฝ่ายที่เกี่ยวข้องได้อย่างยั่งยืนต่อไป,"การพัฒนารูปแบบการบริหารจัดการ, นวัตกรรมเทคโนโลยีในอนาคต, โครงข่ายไฟฟ้าอัจฉริยะแบบผสมผสาน",มี
10.14457/TU.the.2020.25,ช่วงความเชื่อมั่นสำหรับพารามิเตอร์ของการแจกแจงปัวซงในการแจกแจงปัวซงค่าศูนย์เฟ้อ,กฤตนัน ตันประสงค์รัตน์,"พัทธ์ชนก ศรีสุรเดชชัย,  ที่ปรึกษา",,2563,(DOI) http://doi.nrct.go.th/ListDoi/listDetail?Resolve_DOI=10.14457/TU.the.2020.25,การแจกแจงปัวซงเป็นการแจกแจงที่นิยมในข้อมูลจำนวนนับที่อธิบายความน่าจะเป็นที่จะเกิดเหตุการณ์ที่สนใจในช่วงเวลาหนึ่งๆ แต่ในบางข้อมูลจะพบว่าค่าความน่าจะเป็นที่จะไม่เกิดเหตุการณ์ที่สนใจ (เหตุการณ์ที่สนใจมีค่าเป็นศูนย์) จะมีค่ามากกว่าปกติ ซึ่งทำให้การแจกแจงปัวซงนั้นไม่มีความเหมาะสมในการอธิบายเหตุการณ์ดังกล่าวได้ จึงได้มีการเสนอการแจกแจงปัวซงในกรณีพิเศษที่มีความน่าจะเป็นในการเกิดเหตุการณ์ที่ไม่สนใจสูง คือ การแจกแจงปัวซงค่าศูนย์เฟ้อ ซึ่งเป็นการแจกแจงที่มีส่วนประกอบของการแจกแจงปัวซงและการแจกแจงแบร์นูลลี ในการทบทวนวรรณกรรมพบว่า ผู้วิจัยให้ความสนใจในพารามิเตอร์ของการแจกแจงแบร์นูลลีเป็นส่วนใหญ่ ดังนั้น ในงานวิจัยนี้จึงเสนอการประมาณค่าแบบช่วงของพารามิเตอร์ของการแจกแจงปัวซง โดยการประมาณค่าแบบช่วง 5 วิธี คือ ช่วงความเชื่อมั่นด้วยสถิติวัลด์ ช่วงความเชื่อมั่นด้วยสถิติวัลด์ที่ใช้ภาวะน่าจะเป็นโพรไฟล์ ช่วงความเชื่อมั่นด้วยสถิติสกอร์ที่ใช้ภาวะน่าจะเป็นโพรไฟล์ ช่วงความเชื่อมั่นด้วยสถิติอัตราส่วนภาวะน่าจะเป็น และช่วงความเชื่อมั่นด้วยแนวคิดของเบส์ จากผลการศึกษาพบว่า ทุกวิธีให้ค่าประมาณความน่าจะเป็นคุ้มรวมใกล้เคียงกับสัมประสิทธิ์ความเชื่อมั่นที่ต้องการและค่าประมาณความยาวช่วงโดยเฉลี่ยต่ำ เมื่อความน่าจะเป็นในการเกิดค่าศูนย์หรือพารามิเตอร์ของการแจกแจงแบร์นูลลีมีค่าน้อย,"การแจกแจงปัวซงค่าศูนย์เฟ้อ, ช่วงความเชื่อมั่น, แบบจำลองมอนติคาร์โล, Zero-inflated Poisson distribution, Confidence interval, Monte Carlo simulation",มี
10.14456/jsct.2020.32,แนวทางการใช้เทคโนโลยีสารสนเทศและการสื่อสาร เพื่อการพัฒนาศักยภาพของเกษตรกรไทย สู่การเป็นเกษตรกรปราดเปรื่อง,อุดมวิทย์ นักดนตรี,กมลรัฐ อินทรทัศน์; ปิยฉัตร ล้อมชวการ; นคเรศ รังควัต,,2563,(DOI) http://doi.nrct.go.th/ListDoi/listDetail?Resolve_DOI=10.14456/jsct.2020.32,"การวิจัยครั้งนี้มีวัตถุประสงค์เพื่อศึกษา 1) บริบทเกี่ยวกับการใช้เทคโนโลยีสารสนเทศและการสื่อสาร (ICT) เพื่อการพัฒนาศักยภาพเกษตรกรไทยสู่การเป็นเกษตรกรปราดเปรื่อง 2) รูปแบบการสื่อสารเพื่อการพัฒนาศักยภาพเกษตรไทยสู่การเป็นเกษตรกรปราดเปรื่อง และ 3) เสนอแนวทางการใช้เทคโนโลยีสารสนเทศและการสื่อสาร เพื่อการพัฒนาศักยภาพเกษตรกรไทยสู่การเป็นเกษตรกรปราดเปรื่อง การวิจัยเรื่องนี้ ใช้วิธีการวิจัยแบบคุณภาพ โดยการสัมภาษณ์เชิงลึกด้วยแบบสัมภาษณ์กับผู้ให้ข้อมูลสำคัญที่เลือกแบบเจาะจงจำนวน 9 คน ใช้การวิเคราะห์เนื้อหาและวิเคราะห์ข้อมูลด้วยการพรรณนา ผลการวิจัยพบว่า เกษตรกรปราดเปรื่องส่วนใหญ่เป็นเพศชาย อายุเฉลี่ย 55 ปี จบชั้นประถมศึกษา มีสมาชิกในครอบครัวเฉลี่ย 4 คน รายได้ต่อปี 200,000-860,000 บาท มีพื้นที่ทำกินเฉลี่ย 1-10 ไร่ ด้วยการปลูกข้าวและทำสวน การใช้ ICT ในชีวิตประจำวันส่วนใหญ่ ได้แก่ โทรศัพท์สมาร์ตโฟนและแท็บเล็ต สาเหตุที่ใช้ คือ ใช้สืบค้นข้อมูลและติดต่อสื่อสารผ่านโซเชียลเน็ตเวิร์ค 2) รูปแบบการสื่อสารของเกษตรกรปราดเปรื่อง มีช่องทางสื่อสารหลักที่ใช้ คือ สื่อบุคคลที่เป็นเจ้าหน้าที่ปราดเปรื่องตามด้วยสื่อ ICT โดยใช้รูปแบบการสื่อสารแบบทางการ คือ บนสู่ล่าง และล่างขึ้นบน ตามด้วยการสื่อสารแนวราบ และการสื่อสารแบบเครือข่าย ด้วยกลยุทธ์การอบรมสัมมนา ดูงานและการมีส่วนร่วมของเจ้าหน้าที่ปราดเปรื่องและเกษตรกรปราดเปรื่อง และ 3) แนวทางการใช้ ICT พบว่า เกษตรกรฯ ประยุกต์ใช้อินเทอร์เน็ตของสรรพสิ่ง ระบบตรวจจับ ข้อมูลขนาดใหญ่ ระบบพิกัด ระบบยานพาหนะไร้คนขับ โดรน และระบบหุ่นยนต์อัตโนมัติ มาพัฒนาศักยภาพของตนเองและประยุกต์ใช้ในการทำงาน ประกอบกับการส่งเสริมของรัฐบาล ที่มีกระทรวงเกษตรฯกับกระทรวงที่เกี่ยวข้อง ผลักดันนโยบายให้เกษตรกรปราดเปรื่องผ่าน ICT และมีการร่วมมือกับเจ้าหน้าที่ปราดเปรื่องในการพัฒนาศักยภาพของเกษตรกร","เกษตรกรปราดเปรื่อง, เกษตรปราดเปรื่อง, การสื่อสาร, เทคโนโลยีสารสนเทศและการสื่อสาร (ICT)",มี
10.14457/TU.the.2019.728,Thai year 12 students' attitudes toward using Google Docs in collaborative essay writing,Sorayut Chansom,"Panna Chaturongakul,  Advisor",,2562,(DOI) http://doi.nrct.go.th/ListDoi/listDetail?Resolve_DOI=10.14457/TU.the.2019.728,"This study aimed to explore Year 12 (M.6) Thai students' attitudes towards using Google Docs for collaborative essay writing in terms of collaboration via Google Docs, learning about essay writing via Google Docs and practicality of Google Docs. The participants of the study were 42 Year 12 (M.6) students studying in a Sci-Math Program for essay writing during semester 2, academic year 2019, at Yothinburana School, Bangkok, Thailand. The data were collected through a questionnaire divided into two sections. The first part was about participants’ demographic information and the second part consisted of forty-five closed-ended questions. Semi-structured interviews were also conducted to explore their in-depth attitudes toward using Google Docs for collaborative essay writing in three aforementioned aspects. The data were analyzed to find frequency, means and standard deviation. The researcher found that most of the students strongly agreed that they were able to make important contributions to the Google Docs collaborative essay writing. It was easy for them to edit and revise others’ texts. They also thought that using Google Docs helped them write content relevant to the given topics and learn how to write an essay in the correct format and how to write an essay to convey the text in meaningful ways to the readers. In addition, they mentioned that they could submit work anywhere when using Google Docs in collaborative essay writing.","EFL learner, Google Docs, Collaborative essay writing",มี
10.14456/itjemast.2020.329,Histological Features of Anglo-Nubian Goats' Heart Valves,"Victor Khvatov, Mikhail Shchipakin",-,,2563,(DOI) http://doi.nrct.go.th/ListDoi/listDetail?Resolve_DOI=10.14456/itjemast.2020.329,"This study presents the histological features of the valvular apparatus of the heart of Anglo-Nubian goats. There were studying aortic semilunar valve, tricuspid valve, and morphometric data of its histological structures. As dated material, we used the hearts of Anglo-Nubian goats aged one year and older, obtained at slaughter from Gzhel Podvorie Farm in the Moscow, Russian Federation. A total of 10 animal corpses were examined, from which samples were taken by fine anatomical preparation in the form of one example of the cusp of the semilunar aortic valve and the tricuspid valve. For achieving this task, a complex of traditional histological methods and stains was used: Trichrome, according to Masson, toluidine blue, and Schiff-iodic acid, according to McManus. The Anglo-Nubian goat's semilunar heart valve's leaflets consist of aortic (fibrous), spongy (spongy), and ventricular layers. The aortic layer has formed by collagen and elastic fibers. The spongy layer has formed by loose small-cell connective tissue. The ventricular layer of the cusps of the semilunar aortic valve has also been formed by connective tissue and is much smaller than the aortic layer. The leaflets of the tricuspid heart valve of an Anglo-Nubian goat have formed by fibrous plates of dense high-celled fibrous connective tissue. In the spongy layer of which there are blood vessels of the mixed and muscleless type. The surfaces of the cusps of both valves had covered with endothelium. The obtained morphometric and histological data indicate the species and breed peculiarities of the heart of an Anglo-Nubian goat and the differences in the structure of the semilunar and atrioventricular valves at the micro-level.","Aortic semilunar valve, Aortic layer, Morphometric data, Tricuspid valve, Ventricular layer, Leaflets.",มี
10.14455/NRCT.img.2017.1,ผลของจิตบำบัดประคับประคองโดยครอบครัวมีส่วนร่วมต่ออาการซึมเศร้าของ ผู้ป่วยโรคซึมเศร้าวัยสูงอายุ ( THE EFFECT OF SUPPORTIVE PSYCHOTHERAPY WITH PARTICIPATING FAMILY  ON  DEPRESSIVE SYMPTOMS OF ELDERLY PATIENTS WITH  MAJOR DEPRESSIVE DISORDER ),น.ต.หญิง อุดมลักษณ์  ศรีเพ็ง,,โรงพยาบาลภูมิพลอดุลยเดช  กรมแพทย์ทหารอากาศ,2560,"(THAIEX) http://www.thai-explore.net/search_detail/result/658, (DOI) https://doi.nrct.go.th/ListDoi/listDetail?Resolve_DOI=10.12755/NRCT.img.2017.1","การวิจัยครั้งนี้เป็นการวิจัยกึ่งทดลอง เพื่อเปรียบเทียบอาการซึมเศร้าของผู้ ป่วยโรคซึมเศร้าวัยสูงอายุก่อนและหลังได้รับจิตบำบัดประคับประคองโดยครอบครัวมีส่วนร่วมและระหว่างกลุ่มทดลองและกลุ่มควบคุม กลุ่มตัวอย่างคือผู้ป่วยที่ได้รับการวินิจฉัยว่าเป็นโรคซึมเศร้าอายุ 60 ปีขึ้นไป สถาบันเวชศาสตร์การบินกองทัพอากาศกรุงเทพมหานคร โดยจับคู่และแยกเป็นกลุ่มทดลองและกลุ่มควบคุม กลุ่มละ 15 คน กลุ่มทดลองได้รับการทำจิตบำบัดประคับประคองโดยครอบครัวมีส่วนร่วมที่ผู้วิจัยสร้างขึ้นโดยประยุกต์แนวคิดของ Winston, Rosenthal  and Pinsker(2004)ผลการวิจัยพบว่า:อาการซึมเศร้าของผู้ป่วยโรคซึมเศร้าวัยสูงอายุภายหลังได้รับจิตบำบัดประคับประคองโดยครอบครัวมีส่วนร่วมต่ำกว่าก่อนได้รับอย่างมีนัยสำคัญทางสถิติที่ระดับ .05   และอาการซึมเศร้าของผู้ป่วยโรคซึมเศร้าวัยสูงอายุของกลุ่มทดลองต่ำกว่ากลุ่มที่ได้รับการพยาบาลตามปกติอย่างมีนัยสำคัญทางสถิติที่ระดับ .05","อาการซึมเศร้า ผู้ป่วยโรคซึมเศร้าวัยสูงอายุ และจิตบำบัดประคับประคองโดยครอบครัวมีส่วนร่วม(Depressive symptoms,  The elderly patient with major depressive disorder,  the supportive psychotherapy with participating family )",มี
10.14455/NRCT.fas.2017.2,การบริหารจัดการน้ำจังหวัดตรัง,สำนักงานประชาสัมพันธ์จังหวัดตรัง,,สำนักงานประชาสัมพันธ์จังหวัดตรัง,2560,"(THAIEX) http://www.thai-explore.net/search_detail/result/725, (DOI) https://doi.nrct.go.th/ListDoi/listDetail?Resolve_DOI=10.12755/NRCT.fas.2017.2",พื้นที่ส่วนใหญ่ของจังหวัดตรังล้อมรอบไปด้วยภูเขาและทะเลทำให้มีฝนตกชุกตลอดทั้งปี แต่เมื่อเข้าฤดูร้อนในเดือนเมษายน บางพื้นที่จะประสบกับปัญหาภัยแล้งถ้าหากไม่บริหารจัดการน้ำได้อย่างมีประสิทธิภาพทำให้เกิดปัญหาในการอุปโภคและบริโภคได้,"การบริหารจัดการน้ำ, ปัญหาภัยแล้ง, ปัญหาอุทกภัย",มี
10.14455/NRCT.fas.2017.3,การผลิตพลังงานจากหญ้าเนเปียร์,กรมพัฒนาพลังงานทดแทนและอนุรักษ์พลังงาน,,กรมพัฒนาพลังงานทดแทนและอนุรักษ์พลังงาน,2560,"(THAIEX) http://www.thai-explore.net/search_detail/result/789, (DOI) https://doi.nrct.go.th/ListDoi/listDetail?Resolve_DOI=10.12755/NRCT.fas.2017.3",หญ้าเนเปียร์เป็นพืชพลังงานทางเลือกที่น่าสนใจ จากพืชเลี้ยงสัตว์กลายมาเป็นพืชที่ให้พลังงานในอันดับต้นๆ ทั้งยังปลูกง่าย โตเร็ว และใช้ต้นทุนต่ำเหมาะสมต่อการนำมาผลิตเป็นพลังงานทดแทนมากกว่าหญ้าชนิดอื่น กรมพัฒนาพลังงานทดแทนและอนุรักษ์พลังงาน (พพ.) กระทรวงพลังงาน จึงได้สนับสนุนโครงการศึกษา วิจัย ส่งเสริมการผลิตก๊าซชีวภาพจากหญ้าเนเปียร์ นำมาผลิตไฟฟ้า ก๊าซหุงต้มหรือก๊าซชีวภาพสำหรับรถยนต์ นำไปใช้เป็นพลังงานทดแทนภายในชุมชน,"พลังงานทดแทน,  หญ้าเนเปียร์",มี
10.14455/NRCT.fas.2017.1,โครงการชุมชนการเรียนรู้ด้านพลังงานทดแทนและสิ่งแวดล้อมเชิงนิเวศน์,ศ.ดร.ทนงเกียรติ เกียรติศิริโรจน์,,คณะวิศวกรรมศาสตร์ มหาวิทยาลัยเชียงใหม่,2560,"(THAIEX) http://www.thai-explore.net/search_detail/result/824, (DOI) https://doi.nrct.go.th/ListDoi/listDetail?Resolve_DOI=10.12755/NRCT.fas.2017.1","คณะวิศวกรรมศาสตร์ มหาวิทยาลัยเชียงใหม่ โดย ศ.ดร.ทนงเกียรติ เกียรติศิริโรจน์ เดินหน้าโครงการ ""ชุมชนการเรียนรู้ด้านพลังงานทดแทนและสิ่งแวดล้อมเชิงนิเวศน์"" สืบสานต่อนโยบาย ""การขับเคลื่อนการพัฒนาเมืองพร้าวโดยวิถีชุมชน (พร้าวโมเดล)"" ของมหาวิทยาลัยเชียงใหม่",พลังงานทดแทน,มี
10.14457/TU.the.2019.946,Efficiency and technical change in the Bhutanese rice sector: a Malmquist total factor productivity approach,Karma Yoezer,"Supawat Rungsuriyawiboon,  Advisor",,2562,(DOI) http://doi.nrct.go.th/ListDoi/listDetail?Resolve_DOI=10.14457/TU.the.2019.946,"Sustainable growth in domestic food production cannot just depend on mobilizing its factor resources but will also require growth in productivity. Paper aims to study the total factor productivity growth (TFP) of Bhutanese rice sector for the period 2009-2010 to 2016-2017. Nonparametric Malmquist index approach measures TFP growth and decomposes TFP growth components into efficiency and technology change. The result from Malmquist TFP show that overall average annual productivity growth at national level was only slightly positive mainly propelled by technological change. Further decomposition of Malmquist TFP at regional level indicate that huge rice TFP growth differences existed among rice agroecological zones in the country. The regional rice productivity growth was found relatively higher in Dry Sub-Tropical Zone (AEZ2) and Humid Sub-Tropical Zone (AEZ3) and lower in Warm temperate Zone (AEZ1) and Wet Sub-Tropical Zone (AEZ4).Technical change remains the main source behind rice TFP growth in the regions during the study period. In addition to Malmquist TFP estimation, panel least square method was also applied to determine the factors influencing TFP growth in Bhutanese rice sector. The analysis of the factors determining TFP changes suggested that irrigation, population and rainfall were found to be the important source of rice TFP growth in Bhutan. The findings of this research conclude that low TFP growth at national and regional level both results from sluggish growth in TEC over the period.Therefore, future policy interventions should focus on raising the level of TEC by improving agricultural extension services, provision of government assistance in improving farmer’s income and development of regional rice research station.","Total factor productivity, Efficiency, Technical change, Bhutanese rice production",มี
,Development of Readmission Risks Screening Tools for Older Adult with Stroke,Jantra Keawpugdee,"Emer. Prof. Dr. Pimpan Silapasuwan,  Assoc. Prof. Dr. Chukiat Viwatwongkasem,  Assist. Prof. Dr. Plernpit Boonyamalik","Department of Public Health Nursing,  Faculty of Public health, Mahidol University. 420/1 Ratchawithi Rd., Ratchathewi District, Bangkok, 10400, Thailand.",2564,(THAIEX) http://www.thai-explore.net/search_detail/result/10988,"There is a need to detect the risk for hospital readmission for an older adult with stroke. This study aims to develop a Readmission Risks Screening Tool or RRST. A mixed research design was employed. Phase 1 included a systematic review of 193 articles with 14 extracted, 9 experts’ consensus, and trial of the RRST (IOC= .93, ICC between .93-.56). Phase 2 involved data collection from 150 older adult with stroke in hospital stroke units from 2019-2020, with 30 nurses employed to administer the RRST to screen older adult with stroke before discharge. Statistical analysis used Exploring Principal Factor Analysis to test the best predictors and Confirmatory Factor Analysis to test the model strength.","KEY WORDS:	HOSPITAL READMISSION/ OLDER ADULT WITH STROKE/ RISK SCREENING/ TOOL QUALITY",มี
10.14456/jsct.2020.5,การเตรียมความพร้อมด้านการเงินและที่อยู่อาศัยของประชากรก่อนวัยสูงอายุ,กอปรกมล ศรีภิรมย์,สหพัฒน์ บรัศว์รักษ์,,2563,(DOI) http://doi.nrct.go.th/ListDoi/listDetail?Resolve_DOI=10.14456/jsct.2020.5,"การวิจัยนี้มีวัตถุประสงค์ เพื่อสำรวจการเตรียมความพร้อมด้านการเงินและที่อยู่อาศัย และวิเคราะห์ความสัมพันธ์ระหว่างปัจจัยระดับบุคคลและการเตรียมความพร้อมด้านการเงินและที่อยู่อาศัยของกลุ่มก่อนวัยสูงอายุ ในเขตอำเภอปากพนัง จังหวัดนครศรีธรรมราช วิธีการคัดเลือกกลุ่มตัวอย่าง จำนวนรวม 215 ราย สุ่มแบบแบ่งชั้นจากประชากรเป้าหมายกลุ่มก่อนวัยสูงอายุช่วงอายุ 50-59 ปี เก็บรวบรวมข้อมูลด้วย แบบสอบถาม 1 ชุด มี 3 ตอน ประกอบด้วย 1) ข้อมูลทั่วไป จำนวน 5 ข้อ 2) การเตรียมความพร้อมด้านการเงินและที่อยู่อาศัยกลุ่มก่อนวัยสูงอายุ จำนวน 18 ข้อ และ 3) ข้อเสนอแนะในการเตรียมความพร้อมด้านการเงินและที่อยู่อาศัยกลุ่มก่อนวัยสูงอายุ จำนวน 1 ข้อ แบบสอบถามผ่านการตรวจสอบคุณภาพทั้งความตรงเชิงโครงสร้างและความตรงเชิงเนื้อหาจากผู้ทรงคุณวุฒิ 3 คน ได้ค่า IOC เท่ากับ 0.882 และค่าความเชื่อมั่นมีค่าสัมประสิทธิ์แอลฟ่าของครอนบาค เท่ากับ 0.948 วิเคราะห์ข้อมูลโดยใช้สถิติเชิงพรรณนา และสถิติไคสแควร์ด้วยโปรแกรมสำเร็จรูป ผลการวิจัย พบว่า กลุ่มตัวอย่างส่วนใหญ่เป็นเพศหญิงร้อยละ 65.1 สถานภาพสมรสร้อยละ 87.0 วุฒิการศึกษาสูงสุดประถมศึกษาตอนปลายร้อยละ 71.6 อาชีพเกษตรกรรมร้อยละ 48.4 รายได้เฉลี่ยต่อเดือนต่ำกว่า 8,800 บาท ร้อยละ 60.9 มีภาพรวมการเตรียมความพร้อมด้านการเงินระดับปานกลาง ( gif.latex?ar{x}= 2.68) และด้านที่อยู่อาศัยระดับปานกลาง ( gif.latex?ar{x}= 2.73) ปัจจัยระดับการศึกษาและรายได้เฉลี่ยต่อเดือนของกลุ่มก่อนวัยสูงอายุสัมพันธ์กับการเตรียมความพร้อมด้านที่อยู่อาศัยอย่างมีนัยสำคัญ โดยเพศ และ สถานภาพสมรส ไม่มีความสัมพันธ์ แต่ปัจจัยระดับบุคคลทั้ง 4 ดังกล่าวไม่มีความสัมพันธ์กับการเตรียมความพร้อมด้านการเงิน โดยสรุปหน่วยงานภาครัฐที่ดูแลรับผิดชอบควรเพิ่มระดับการเตรียมความพร้อมให้ประชากรก่อนวัยสูงอายุโดยให้ความรู้เพื่อเสริมความเข้าใจเกี่ยวกับสถานสงเคราะห์ผู้สูงอายุ สวัสดิการเงินกู้ด้านที่อยู่อาศัยจากภาครัฐ กฎหมายที่ดินและที่อยู่อาศัย การวางแผนใช้จ่ายเงิน กฎหมายเกี่ยวกับทรัพย์สิน และการลงทุนในธุรกิจต่าง ๆ เพื่อเพิ่มรายได้","การเตรียมความพร้อมด้านการเงินและที่อยู่อาศัย, กลุ่มก่อนวัยสูงอายุ",มี
10.14456/jsct.2020.15,The Organizational Outcomes of Computer Supported Cooperative Work Systems: Knowledge Management System Assimilation Study,Sureena Matayong,Ahmad Kamil Mahmood,,2563,(DOI) http://doi.nrct.go.th/ListDoi/listDetail?Resolve_DOI=10.14456/jsct.2020.15,"Knowledge Management System (KMS) has long been examined by Computer Supported Cooperative Work (CSCW) researchers to understand how technologies could support collaborative work and their impacts toward organizations. In this study, we are interested to discover the effects of KMS assimilation in terms of organizational outcomes when the system becomes embedded into the process of collaboration work in a form of Knowledge Management (KM) activities. In fact, the practice of collaborative work in the KM activities form could improve organizational performance, which ultimately contributes to organizational competitive advantage if the system is fully assimilated. However, these relevant benefits of organizational outcomes have not been established in the existing literature. Therefore, we conduct a qualitative research by designing the application of Grounded Theory (GT) to investigate the case study. Data were collected from participants including senior managers, managers, and executives were recruited through criterion and theoretical based purposive sampling. The data collected from three suggested techniques; namely, interviews, observations, and documentations were analyzed according to GT analytical process of data analysis using ATLAS.TI software. The findings reveal two levels of organizational outcomes. The performance efficiency, development of staff proficiency, and responsibility stimulation are the outcomes at the individual level. On the other hand, KM culture, unity establishment, and organizational growth are outcomes at the organizational level.","Organizational Outcomes, Computer Supported Cooperative Work (CSCW), Knowledge Management System (KMS), Assimilation",มี
10.14455/NRCT.fas.2017.4,โครงการและกิจกรรมด้านการแพทย์และสาธารณสุข เพื่อช่วยเหลือผู้ด้อยโอกาส,สำนักงานมูลนิธิเวชดุสิต,,สำนักงานมูลนิธิเวชดุสิต อาคาร E ชั้น 7 โรงพยาบาลกรุงเทพ เลขที่ 2 ซ.ศูนย์วิจัย 7 ถ.เพชรบุรีตัดใหม่ กรุงเทพฯ 10310 ,2560,"(THAIEX) http://www.thai-explore.net/search_detail/result/1312, (DOI) https://doi.nrct.go.th/ListDoi/listDetail?Resolve_DOI=10.12755/NRCT.fas.2017.4",มูลนิธิเวชดุสิตฯ ในพระอุปถัมภ์สมเด็จพระเจ้าพี่นางเธอ เจ้าฟ้ากัลยาณิวัฒนา กรมหลวงนราธิวาสราชนครินทร์ ผู้ก่อตั้ง โรงพยาบาลกรุงเทพ มีปณิธานแน่วแน่ที่จะบริหารโรงพยาบาลกรุงเทพให้เป็น “สถานพยาบาลซึ่งวิทยาศาสตร์ทางการแพทย์และความเมตตาปราณีมาบรรจบกัน”  ตลอดระยะเวลาของการให้บริการนับตั้งแต่ปี พ.ศ. 2515 จวบจนปัจจุบันนี้ ปณิธานดังกล่าวได้รับการตอกย้ำ และถือปฏิบัติตลอดมา หนึ่งในนั้นคือการก่อตั้งมูลนิธิเพื่อช่วยเหลือผู้ยากไร้  นับแต่วันที่ มูลนิธิเวชดุสิตฯ ก่อตั้งขึ้นทางมูลนิธิฯ ได้เริ่มโครงการและกิจกรรมด้านการแพทย์และสาธารณสุขมากมาย เพื่อช่วยเหลือผู้ด้อยโอกาส สนับสนุนหน่วยงานภาครัฐ และส่งเสริมความก้าวหน้าทางการแพทย์ และสาธารณสุขไทย เพื่อพัฒนาคุณภาพชีวิตที่ดีของคนไทยให้ดีขึ้น,"มูลนิธิเวชดุสิตฯ, ผู้ด้อยโอกาส, พัฒนาคุณภาพชีวิต",มี
10.14455/NRCT.fas.2017.5,โครงการอันเนื่องมาจากพระราชดำริ ด้านการพัฒนาแหล่งน้ำ,สำนักพัฒนาทุนและองค์กรการเงินชุมชน กรมการพัฒนาชุมชน กระทรวงมหาดไทย,,สำนักพัฒนาทุนและองค์กรการเงินชุมชน กรมการพัฒนาชุมชน กระทรวงมหาดไทย,2560,"(THAIEX) http://www.thai-explore.net/search_detail/result/1513, (DOI) https://doi.nrct.go.th/ListDoi/listDetail?Resolve_DOI=10.12755/NRCT.fas.2017.5",การ์ตูนนี้เป็นส่วนหนึ่งของการจัดการความรู้ โครงการอันเนื่องมาจากพระราชดำริด้านการพัฒนาแหล่งน้ำ “หลักสำคัญว่าต้องมีน้ำบริโภค น้ำใช้ น้ำเพื่อการเพาะปลูกเพราะว่าชีวิตอยู่ที่น้ำ ถ้ามีน้ำคนอยู่ได้ ถ้าไม่มีน้ำคนอยู่ไม่ได้ ไม่มีไฟฟ้าคนอยู่ได้ แต่ถ้ามีไฟฟ้าไม่มีน้ำ คนอย่ไม่ได้” พระราชดำรัสพระบาทสมเด็จพระเจ้าอยู่หัวฯ,"โครงการอันเนื่องมาจากพระราชดำริ, การพัฒนาแหล่งน้ำ",มี
,,,,,,,PyThaiNLP เป็นไลบรารี Python ที่ใช้สำหรับประมวลผลภาษาธรรมชาติภาษาไทย ซึ่งมีเครื่องมือต่างๆ ที่ช่วยในการตัดคำ เข้ารหัสข้อมูล และการประมวลผลข้อมูลที่เกี่ยวข้องกับภาษาไทย,,
,,,,,,,"Natural Language Toolkit (NLTK) เป็นไลบรารี Python สำหรับประมวลผลภาษาธรรมชาติ (NLP) ที่มีเครื่องมือต่างๆ สำหรับการวิเคราะห์และประมวลผลข้อความ เช่น การตัดคำ, ค้นหาคำสำคัญ, และจำแนกประเภทข้อความ สำหรับภาษาอังกฤษ",,
,,,,,,,"Node.js เป็นเซิร์ฟเวอร์ที่ใช้เชื่อมต่อและประมวลผลข้อมูลในรูปแบบ non-blocking, event-driven I/O ซึ่งช่วยให้เว็บแอปพลิเคชั่นทำงานได้รวดเร็วและมีประสิทธิภาพมากขึ้น",,
,,,,,,,Express.js เป็น Web Application Framework บน Node.js ที่ช่วยให้นักพัฒนาสามารถสร้างเว็บแอปพลิเคชันและเว็บเซอร์วิสได้อย่างรวดเร็วและง่ายดาย Express.js ทำงานบน HTTP module ของ Node.js ซึ่งหมายความว่าสามารถใช้ Node.js เพียงอย่างเดียวเพื่อสร้างเว็บแอปพลิเคชัน แต่ Express.js นั้นช่วยให้การพัฒนาเว็บแอปพลิเคชันบน Node.js ทำได้ง่ายขึ้น,,
